trade_id,timestamp,price,quantity,buyer_id,seller_id,aggressor_side
180931f3-22a4-4a46-b67b-6b787b8041aa,1746060061.664733,100.02,8,6726281d-43d1-4450-8cdf-1b6531ee91f0,154a5bf2-bdc0-4c6b-9f06-95e99695c76c,OrderSide.SELL
d079f89a-8ba1-4c10-8791-1e603acc55ae,1746060061.665691,100.02,15,154a5bf2-bdc0-4c6b-9f06-95e99695c76c,a151c243-339d-454c-8a56-2afa81b2aada,OrderSide.BUY
dca0914f-4c31-49ac-b0af-4b89abc49e30,1746060061.6657221,100.02,7,9d576e4c-b398-495a-bae7-1b27c6d51709,154a5bf2-bdc0-4c6b-9f06-95e99695c76c,OrderSide.BUY
60a35b18-3134-46d7-86d1-2511016aa50b,1746060061.665727,100.02,8,9d576e4c-b398-495a-bae7-1b27c6d51709,af0d6ecb-23ad-45e9-aaf3-34c839df78bc,OrderSide.BUY
7166594e-457f-44d9-b069-465f1886304e,1746060061.665735,99.98,2,154a5bf2-bdc0-4c6b-9f06-95e99695c76c,7f07f7cc-e32a-4f8e-ae84-fe497076e569,OrderSide.SELL
6b5001fe-1218-4bdb-97e3-6c021ffd9d77,1746060061.6660118,100.0,15,a151c243-339d-454c-8a56-2afa81b2aada,154a5bf2-bdc0-4c6b-9f06-95e99695c76c,OrderSide.SELL
8ee82704-757a-4500-bd57-00a8e343fef8,1746060061.666154,100.02,15,af0d6ecb-23ad-45e9-aaf3-34c839df78bc,a151c243-339d-454c-8a56-2afa81b2aada,OrderSide.BUY
ea11ca7c-6740-4571-9b4d-c4c6781e32a0,1746060061.666198,99.98,13,154a5bf2-bdc0-4c6b-9f06-95e99695c76c,6f46b869-2d34-404a-89af-8ec91aa31c98,OrderSide.SELL
f4dde809-889f-4301-a92e-9c6b909c4440,1746060061.6665049,100.02,7,a151c243-339d-454c-8a56-2afa81b2aada,af0d6ecb-23ad-45e9-aaf3-34c839df78bc,OrderSide.BUY
a767a47a-6729-4df3-a5d4-76bb4743ffd0,1746060061.666518,100.02,8,a151c243-339d-454c-8a56-2afa81b2aada,af0d6ecb-23ad-45e9-aaf3-34c839df78bc,OrderSide.BUY
25b737de-fca0-438b-98ac-100ac019e6a8,1746060061.666548,99.98,15,a151c243-339d-454c-8a56-2afa81b2aada,af0d6ecb-23ad-45e9-aaf3-34c839df78bc,OrderSide.SELL
398dd6e3-bd3f-49a9-b744-81afff9638e2,1746060061.666576,99.98,4,af0d6ecb-23ad-45e9-aaf3-34c839df78bc,6726281d-43d1-4450-8cdf-1b6531ee91f0,OrderSide.SELL
e0ec2d29-9ccd-4d48-8724-fa30d472396e,1746060061.6669672,99.98,11,af0d6ecb-23ad-45e9-aaf3-34c839df78bc,a151c243-339d-454c-8a56-2afa81b2aada,OrderSide.SELL
36767c0e-8a03-4a00-a1e4-64a7eb0c2bfe,1746060061.6669781,99.98,4,af0d6ecb-23ad-45e9-aaf3-34c839df78bc,a151c243-339d-454c-8a56-2afa81b2aada,OrderSide.SELL
aa52d5d3-22fa-4e9c-b5d2-3cc1aa0b82e2,1746060061.666987,100.02,15,af0d6ecb-23ad-45e9-aaf3-34c839df78bc,154a5bf2-bdc0-4c6b-9f06-95e99695c76c,OrderSide.BUY
2ac87e8a-d604-4f8d-806d-e3367215ea02,1746060061.6670022,99.98,8,a151c243-339d-454c-8a56-2afa81b2aada,6f46b869-2d34-404a-89af-8ec91aa31c98,OrderSide.SELL
7628abf2-3d0d-4195-8ca6-644acc8aa233,1746060061.667008,100.02,7,d48e40d2-b2a0-464a-be25-1d57adc6c039,af0d6ecb-23ad-45e9-aaf3-34c839df78bc,OrderSide.BUY
e4f2bd01-8200-4a53-af8b-62877622e9a9,1746060061.6670132,100.02,1,d48e40d2-b2a0-464a-be25-1d57adc6c039,154a5bf2-bdc0-4c6b-9f06-95e99695c76c,OrderSide.SELL
95643aba-31d8-48b6-ab6d-b2631c8a6885,1746060061.667116,100.10000000000001,15,154a5bf2-bdc0-4c6b-9f06-95e99695c76c,af0d6ecb-23ad-45e9-aaf3-34c839df78bc,OrderSide.BUY
410a27ce-9b1c-41bf-9507-3d0eb12c2c02,1746060061.667129,99.98,11,af0d6ecb-23ad-45e9-aaf3-34c839df78bc,a151c243-339d-454c-8a56-2afa81b2aada,OrderSide.SELL
5fb1bcf7-5919-411e-9043-3eb55344125c,1746060061.6671329,99.98,4,154a5bf2-bdc0-4c6b-9f06-95e99695c76c,a151c243-339d-454c-8a56-2afa81b2aada,OrderSide.SELL
f1474439-d3c5-4ce1-b559-7b17134c06a6,1746060061.6671412,99.98,7,a151c243-339d-454c-8a56-2afa81b2aada,af0d6ecb-23ad-45e9-aaf3-34c839df78bc,OrderSide.SELL
43140d23-bc71-480f-95f1-f6532cad95c8,1746060061.667145,99.98,8,154a5bf2-bdc0-4c6b-9f06-95e99695c76c,af0d6ecb-23ad-45e9-aaf3-34c839df78bc,OrderSide.SELL
0ff8f129-748d-4ffb-8771-6e72796face4,1746060061.667242,99.94,15,af0d6ecb-23ad-45e9-aaf3-34c839df78bc,154a5bf2-bdc0-4c6b-9f06-95e99695c76c,OrderSide.SELL
d75368c7-c654-4f1f-a7f2-94bc20815d73,1746060061.667252,100.02,14,af0d6ecb-23ad-45e9-aaf3-34c839df78bc,154a5bf2-bdc0-4c6b-9f06-95e99695c76c,OrderSide.BUY
02f93451-a263-4c06-a1b8-3ec082ef48f0,1746060061.667256,100.02,1,af0d6ecb-23ad-45e9-aaf3-34c839df78bc,a151c243-339d-454c-8a56-2afa81b2aada,OrderSide.SELL
ffaa10de-7012-4d4c-a34b-49f6bf066dff,1746060061.667352,100.02,14,154a5bf2-bdc0-4c6b-9f06-95e99695c76c,a151c243-339d-454c-8a56-2afa81b2aada,OrderSide.BUY
3644753c-c69b-4cf8-bd31-057b44d41f2f,1746060061.667356,100.16,1,154a5bf2-bdc0-4c6b-9f06-95e99695c76c,a151c243-339d-454c-8a56-2afa81b2aada,OrderSide.BUY
c3d7a6de-712f-4ea6-8f6f-68c5869997b1,1746060061.6673942,100.0,15,a151c243-339d-454c-8a56-2afa81b2aada,af0d6ecb-23ad-45e9-aaf3-34c839df78bc,OrderSide.SELL
4db73e9c-4e1d-4b49-baee-b99d3264373e,1746060061.667406,99.98,3,154a5bf2-bdc0-4c6b-9f06-95e99695c76c,5f4c721a-fda7-46fc-8aa4-5ddc02714d80,OrderSide.SELL
4d70e206-54f5-4b58-a720-eaac1c60bfb9,1746060061.6674109,99.98,6,154a5bf2-bdc0-4c6b-9f06-95e99695c76c,5f4c721a-fda7-46fc-8aa4-5ddc02714d80,OrderSide.SELL
a36918ec-309f-4737-b237-45291b59fab3,1746060061.667542,99.98,15,a151c243-339d-454c-8a56-2afa81b2aada,154a5bf2-bdc0-4c6b-9f06-95e99695c76c,OrderSide.SELL
581c964a-c110-4864-9732-97c044d0e22f,1746060061.667558,100.0,6,a151c243-339d-454c-8a56-2afa81b2aada,56b71052-1319-4c5d-b3f3-580ad0c68c2a,OrderSide.SELL
37b4c8df-b2e4-487d-9e29-da517b129d5a,1746060061.6676412,100.02,15,154a5bf2-bdc0-4c6b-9f06-95e99695c76c,a151c243-339d-454c-8a56-2afa81b2aada,OrderSide.BUY
59c9da83-c853-47a4-bbe8-e0e9e5277277,1746060061.667653,99.98,9,154a5bf2-bdc0-4c6b-9f06-95e99695c76c,a151c243-339d-454c-8a56-2afa81b2aada,OrderSide.SELL
af3b4c29-e22f-43da-be90-299be8a07487,1746060061.667657,99.98,6,af0d6ecb-23ad-45e9-aaf3-34c839df78bc,a151c243-339d-454c-8a56-2afa81b2aada,OrderSide.SELL
9607a578-61b7-435c-b08a-ba49ce688849,1746060061.66767,100.0,9,a151c243-339d-454c-8a56-2afa81b2aada,d48e40d2-b2a0-464a-be25-1d57adc6c039,OrderSide.SELL
f50cd783-7612-429b-97b4-cd5a248fd2da,1746060061.667676,99.99000000000001,10,af0d6ecb-23ad-45e9-aaf3-34c839df78bc,d48e40d2-b2a0-464a-be25-1d57adc6c039,OrderSide.SELL
c3940aaf-d64e-4cb5-8137-fcc0f1bdf383,1746060061.667753,99.99000000000001,5,af0d6ecb-23ad-45e9-aaf3-34c839df78bc,154a5bf2-bdc0-4c6b-9f06-95e99695c76c,OrderSide.SELL
8cb9aa6f-004b-4f35-a938-8fcaefe56910,1746060061.667757,99.98,9,af0d6ecb-23ad-45e9-aaf3-34c839df78bc,154a5bf2-bdc0-4c6b-9f06-95e99695c76c,OrderSide.SELL
febcd23a-497d-4e71-a11b-ba3d4c0632a2,1746060061.6677608,99.92,1,af0d6ecb-23ad-45e9-aaf3-34c839df78bc,154a5bf2-bdc0-4c6b-9f06-95e99695c76c,OrderSide.SELL
a225134b-6291-403c-8484-d67a1ec04ada,1746060061.667774,100.0,15,a151c243-339d-454c-8a56-2afa81b2aada,af0d6ecb-23ad-45e9-aaf3-34c839df78bc,OrderSide.SELL
26d36e6e-8a32-4c1b-8eeb-26d6479beb4c,1746060061.667845,99.98,15,154a5bf2-bdc0-4c6b-9f06-95e99695c76c,a151c243-339d-454c-8a56-2afa81b2aada,OrderSide.SELL
099e7bdb-a402-4832-863b-c281f870870d,1746060061.667853,99.96000000000001,15,154a5bf2-bdc0-4c6b-9f06-95e99695c76c,af0d6ecb-23ad-45e9-aaf3-34c839df78bc,OrderSide.SELL
1c75211a-dc67-4132-bd45-075291e31e27,1746060061.667937,99.92,14,af0d6ecb-23ad-45e9-aaf3-34c839df78bc,154a5bf2-bdc0-4c6b-9f06-95e99695c76c,OrderSide.SELL
c60ad230-4ac2-4ae2-9b23-6cceff80a58d,1746060061.667941,99.9,1,a151c243-339d-454c-8a56-2afa81b2aada,154a5bf2-bdc0-4c6b-9f06-95e99695c76c,OrderSide.SELL
ffb47711-fec5-4578-b3ff-5c2649056d40,1746060061.667953,99.96000000000001,15,a151c243-339d-454c-8a56-2afa81b2aada,af0d6ecb-23ad-45e9-aaf3-34c839df78bc,OrderSide.SELL
4067f5e9-6c97-4839-8d37-014f160550cb,1746060061.6679602,99.99000000000001,12,abfe925f-096e-4269-886b-33004406864c,a151c243-339d-454c-8a56-2afa81b2aada,OrderSide.SELL
c40d92d5-f8f5-4695-8e76-567ba707195b,1746060061.668263,99.94,15,af0d6ecb-23ad-45e9-aaf3-34c839df78bc,154a5bf2-bdc0-4c6b-9f06-95e99695c76c,OrderSide.SELL
849f82d2-5a9f-4789-b0e8-82ee23e73aa6,1746060061.668278,99.95,15,af0d6ecb-23ad-45e9-aaf3-34c839df78bc,a151c243-339d-454c-8a56-2afa81b2aada,OrderSide.SELL
90a738ba-b38a-431d-8081-f35a4e5f18b3,1746060061.668288,99.98,6,d48e40d2-b2a0-464a-be25-1d57adc6c039,af0d6ecb-23ad-45e9-aaf3-34c839df78bc,OrderSide.SELL
22be6331-d9b2-4005-bc83-9f933f8fec0d,1746060061.6682932,99.92,7,154a5bf2-bdc0-4c6b-9f06-95e99695c76c,3ccb1b8b-b450-4a58-a3c7-36c5dcab1ddc,OrderSide.SELL
58013a96-3b7f-4e45-af15-d24af121acf7,1746060061.668378,99.92,15,a151c243-339d-454c-8a56-2afa81b2aada,154a5bf2-bdc0-4c6b-9f06-95e99695c76c,OrderSide.SELL
8969d375-32ed-4c2d-9bab-3ec10bfd5676,1746060061.668385,99.98,9,a151c243-339d-454c-8a56-2afa81b2aada,af0d6ecb-23ad-45e9-aaf3-34c839df78bc,OrderSide.BUY
303a5899-08e3-495c-a592-8c00e204f593,1746060061.668389,100.0,6,a151c243-339d-454c-8a56-2afa81b2aada,154a5bf2-bdc0-4c6b-9f06-95e99695c76c,OrderSide.BUY
90cf4580-a928-4d16-9a3b-8e85b82ce8e1,1746060061.668422,99.92,8,154a5bf2-bdc0-4c6b-9f06-95e99695c76c,af0d6ecb-23ad-45e9-aaf3-34c839df78bc,OrderSide.SELL
76bb563e-e8fd-4263-a1e5-ee6c5009cca4,1746060061.668428,99.9,7,a151c243-339d-454c-8a56-2afa81b2aada,af0d6ecb-23ad-45e9-aaf3-34c839df78bc,OrderSide.SELL
a48382ca-e1af-49ad-a124-26bc42def8c8,1746060061.6686919,99.99000000000001,3,154a5bf2-bdc0-4c6b-9f06-95e99695c76c,a151c243-339d-454c-8a56-2afa81b2aada,OrderSide.BUY
0dc19388-9615-4eb6-b96d-7894ac8fe3e9,1746060061.668709,99.99000000000001,12,154a5bf2-bdc0-4c6b-9f06-95e99695c76c,a151c243-339d-454c-8a56-2afa81b2aada,OrderSide.SELL
5bb99b00-3f34-4f76-a79f-107ad6e3c16f,1746060061.6687129,99.88,3,154a5bf2-bdc0-4c6b-9f06-95e99695c76c,a151c243-339d-454c-8a56-2afa81b2aada,OrderSide.SELL
03afab8d-b494-4cb4-b868-82a10e80487f,1746060061.668818,99.93,15,af0d6ecb-23ad-45e9-aaf3-34c839df78bc,154a5bf2-bdc0-4c6b-9f06-95e99695c76c,OrderSide.SELL
557a6b0e-24c4-4391-8e9d-cfeaa94f62c2,1746060061.668833,99.89,15,af0d6ecb-23ad-45e9-aaf3-34c839df78bc,a151c243-339d-454c-8a56-2afa81b2aada,OrderSide.SELL
5899c8d8-f2c3-4e5e-b39f-aff45f9f6ed3,1746060061.668843,99.96000000000001,6,56b71052-1319-4c5d-b3f3-580ad0c68c2a,af0d6ecb-23ad-45e9-aaf3-34c839df78bc,OrderSide.BUY
760ea438-cdd5-4c40-a7d9-6575e4ea4725,1746060061.668849,99.9,2,a151c243-339d-454c-8a56-2afa81b2aada,1e142170-985e-4150-b97b-5f026e36a2ca,OrderSide.SELL
92c45d16-7308-40e8-9cda-a023d6b05703,1746060061.668946,99.96000000000001,9,a151c243-339d-454c-8a56-2afa81b2aada,af0d6ecb-23ad-45e9-aaf3-34c839df78bc,OrderSide.BUY
4581fab4-a2d7-4377-ba99-7997e6c94cb8,1746060061.66895,99.96000000000001,6,a151c243-339d-454c-8a56-2afa81b2aada,af0d6ecb-23ad-45e9-aaf3-34c839df78bc,OrderSide.BUY
9408535f-1e50-48b8-bfa4-a83b958a2c01,1746060061.668962,99.94,15,154a5bf2-bdc0-4c6b-9f06-95e99695c76c,af0d6ecb-23ad-45e9-aaf3-34c839df78bc,OrderSide.SELL
3a46d204-7ae0-4dbc-8edb-33d4b0e7b692,1746060061.668969,99.96000000000001,9,abfe925f-096e-4269-886b-33004406864c,af0d6ecb-23ad-45e9-aaf3-34c839df78bc,OrderSide.BUY
349f5850-e4d1-42cd-8660-a898ebfb83b6,1746060061.6689742,99.98,4,abfe925f-096e-4269-886b-33004406864c,154a5bf2-bdc0-4c6b-9f06-95e99695c76c,OrderSide.SELL
91d4ed61-8bda-4f0c-aa9d-0f59e3a6f642,1746060061.668981,99.9,5,a151c243-339d-454c-8a56-2afa81b2aada,9d576e4c-b398-495a-bae7-1b27c6d51709,OrderSide.SELL
e3e89985-2e16-4d26-91bb-9ef8680ce767,1746060061.668986,99.88,12,154a5bf2-bdc0-4c6b-9f06-95e99695c76c,9d576e4c-b398-495a-bae7-1b27c6d51709,OrderSide.SELL
6b25bac3-cbc5-4548-aa28-565f6248976b,1746060061.668993,99.86,7,154a5bf2-bdc0-4c6b-9f06-95e99695c76c,5f4c721a-fda7-46fc-8aa4-5ddc02714d80,OrderSide.SELL
2252a0ab-3b16-4f03-b605-babb64635caf,1746060061.6690822,99.86,15,a151c243-339d-454c-8a56-2afa81b2aada,154a5bf2-bdc0-4c6b-9f06-95e99695c76c,OrderSide.SELL
6cd95f07-2418-4808-8312-317a9258c861,1746060061.6690922,99.86,8,154a5bf2-bdc0-4c6b-9f06-95e99695c76c,a151c243-339d-454c-8a56-2afa81b2aada,OrderSide.SELL
42297bec-6ddc-46a8-9428-3b0f0d2078be,1746060061.669096,99.84,7,af0d6ecb-23ad-45e9-aaf3-34c839df78bc,a151c243-339d-454c-8a56-2afa81b2aada,OrderSide.SELL
a2dffd3a-fb6e-4121-8fea-507854010790,1746060061.6691022,99.98,11,af0d6ecb-23ad-45e9-aaf3-34c839df78bc,154a5bf2-bdc0-4c6b-9f06-95e99695c76c,OrderSide.BUY
0424720a-c678-4aac-810e-2b47d3d56bda,1746060061.669106,100.0,4,af0d6ecb-23ad-45e9-aaf3-34c839df78bc,154a5bf2-bdc0-4c6b-9f06-95e99695c76c,OrderSide.BUY
dbe2a0e4-b27e-424f-bb34-abe238935754,1746060061.669116,100.0,2,9d576e4c-b398-495a-bae7-1b27c6d51709,154a5bf2-bdc0-4c6b-9f06-95e99695c76c,OrderSide.BUY
401c81fb-1e15-4c12-b63b-548a961473a7,1746060061.669125,99.84,5,a151c243-339d-454c-8a56-2afa81b2aada,e5c9ca85-8bc1-4da9-85a6-11276454df36,OrderSide.SELL
8300e6b2-b763-4b72-b63f-12ce055f541b,1746060061.669209,99.88,15,154a5bf2-bdc0-4c6b-9f06-95e99695c76c,a151c243-339d-454c-8a56-2afa81b2aada,OrderSide.SELL
bdc59b83-897c-4be8-8cef-1388b9062f8f,1746060061.669224,99.84,2,a151c243-339d-454c-8a56-2afa81b2aada,3ccb1b8b-b450-4a58-a3c7-36c5dcab1ddc,OrderSide.SELL
1c29e29f-48a5-4173-8f55-f23a04cf7551,1746060061.6693099,99.84,8,a151c243-339d-454c-8a56-2afa81b2aada,154a5bf2-bdc0-4c6b-9f06-95e99695c76c,OrderSide.SELL
181f528e-9fd8-49c7-9300-88750426d1c1,1746060061.6693141,99.84,7,af0d6ecb-23ad-45e9-aaf3-34c839df78bc,154a5bf2-bdc0-4c6b-9f06-95e99695c76c,OrderSide.SELL
7006049b-5b17-4130-a865-31d8df1f0972,1746060061.669323,99.84,1,af0d6ecb-23ad-45e9-aaf3-34c839df78bc,a151c243-339d-454c-8a56-2afa81b2aada,OrderSide.SELL
4922a00a-9ab7-4ff8-b808-525425b62322,1746060061.669326,99.84,14,154a5bf2-bdc0-4c6b-9f06-95e99695c76c,a151c243-339d-454c-8a56-2afa81b2aada,OrderSide.SELL
e933eb91-00d2-45e7-a94f-bc0a8044f1ec,1746060061.6693351,99.84,1,154a5bf2-bdc0-4c6b-9f06-95e99695c76c,af0d6ecb-23ad-45e9-aaf3-34c839df78bc,OrderSide.SELL
a39c2982-43ca-4809-a6a3-6533861d7adc,1746060061.669339,99.84,14,a151c243-339d-454c-8a56-2afa81b2aada,af0d6ecb-23ad-45e9-aaf3-34c839df78bc,OrderSide.SELL
64ceb242-f513-4426-bc8f-7b8b79ea422d,1746060061.6694431,99.84,1,a151c243-339d-454c-8a56-2afa81b2aada,154a5bf2-bdc0-4c6b-9f06-95e99695c76c,OrderSide.SELL
8e24d36d-6c75-410a-b1f9-d2dec8680e95,1746060061.669448,99.84,14,af0d6ecb-23ad-45e9-aaf3-34c839df78bc,154a5bf2-bdc0-4c6b-9f06-95e99695c76c,OrderSide.SELL
56fedd86-7137-4314-91c6-3d5f82cfe665,1746060061.669457,99.84,1,af0d6ecb-23ad-45e9-aaf3-34c839df78bc,a151c243-339d-454c-8a56-2afa81b2aada,OrderSide.SELL
e08023e2-6626-4ed7-82a0-4065a1ee92d3,1746060061.66946,99.83,14,af0d6ecb-23ad-45e9-aaf3-34c839df78bc,a151c243-339d-454c-8a56-2afa81b2aada,OrderSide.SELL
ad1c3fd9-c7f4-4c2f-99a5-3bcdebcd6ccc,1746060061.669476,99.86,15,9d576e4c-b398-495a-bae7-1b27c6d51709,af0d6ecb-23ad-45e9-aaf3-34c839df78bc,OrderSide.BUY
b13254d0-68eb-4332-b00a-13a8e0390f43,1746060061.669481,99.86,3,9d576e4c-b398-495a-bae7-1b27c6d51709,af0d6ecb-23ad-45e9-aaf3-34c839df78bc,OrderSide.SELL
dd160388-5373-4789-b3cd-3d3333e4c32f,1746060061.6695738,99.84,15,af0d6ecb-23ad-45e9-aaf3-34c839df78bc,154a5bf2-bdc0-4c6b-9f06-95e99695c76c,OrderSide.SELL
d2dd5c3e-7ec8-475f-9cc3-e2a2ea2c7a52,1746060061.669589,99.84,15,a151c243-339d-454c-8a56-2afa81b2aada,af0d6ecb-23ad-45e9-aaf3-34c839df78bc,OrderSide.SELL
a8d01ed0-972c-4915-b0b9-e3ebd8f6ba1d,1746060061.669596,99.83,1,af0d6ecb-23ad-45e9-aaf3-34c839df78bc,d48e40d2-b2a0-464a-be25-1d57adc6c039,OrderSide.SELL
1b07a4a8-f428-4c32-b5a9-9a56745b30f0,1746060061.669601,99.82000000000001,9,af0d6ecb-23ad-45e9-aaf3-34c839df78bc,d48e40d2-b2a0-464a-be25-1d57adc6c039,OrderSide.SELL
ce187338-8a4a-4ee2-858d-58b53f7f8be1,1746060061.669674,99.86,12,154a5bf2-bdc0-4c6b-9f06-95e99695c76c,af0d6ecb-23ad-45e9-aaf3-34c839df78bc,OrderSide.BUY
791b7355-2528-46cd-a552-4e8c91ea7518,1746060061.669678,99.88,3,154a5bf2-bdc0-4c6b-9f06-95e99695c76c,a151c243-339d-454c-8a56-2afa81b2aada,OrderSide.BUY
634c290f-f72d-49b1-9398-b8032d77cf54,1746060061.6696901,99.82000000000001,6,af0d6ecb-23ad-45e9-aaf3-34c839df78bc,a151c243-339d-454c-8a56-2afa81b2aada,OrderSide.SELL
4078a5eb-4045-4526-924d-d2329ef3e678,1746060061.669693,99.81,9,154a5bf2-bdc0-4c6b-9f06-95e99695c76c,a151c243-339d-454c-8a56-2afa81b2aada,OrderSide.SELL
c4d08819-5704-4a73-a58d-d8c97155bf7d,1746060061.669703,99.81,6,154a5bf2-bdc0-4c6b-9f06-95e99695c76c,af0d6ecb-23ad-45e9-aaf3-34c839df78bc,OrderSide.SELL
e958f8f7-ff5d-44af-bab6-065e917b41f9,1746060061.669707,99.8,9,154a5bf2-bdc0-4c6b-9f06-95e99695c76c,af0d6ecb-23ad-45e9-aaf3-34c839df78bc,OrderSide.SELL
7dba1951-05b2-4d59-8a50-a181cbf84852,1746060061.669714,99.8,6,154a5bf2-bdc0-4c6b-9f06-95e99695c76c,d48e40d2-b2a0-464a-be25-1d57adc6c039,OrderSide.SELL
7d99a3ba-a1e3-49ad-9187-80b5aeff5ffc,1746060061.669719,99.8,7,154a5bf2-bdc0-4c6b-9f06-95e99695c76c,d48e40d2-b2a0-464a-be25-1d57adc6c039,OrderSide.SELL
82fe55c2-22cd-4e7f-85f1-090baf694819,1746060061.669811,99.79,15,a151c243-339d-454c-8a56-2afa81b2aada,154a5bf2-bdc0-4c6b-9f06-95e99695c76c,OrderSide.SELL
f4cee1bb-ff40-41cc-8ebf-6ce779a37234,1746060061.669827,99.86,15,a151c243-339d-454c-8a56-2afa81b2aada,af0d6ecb-23ad-45e9-aaf3-34c839df78bc,OrderSide.SELL
aa4ea4fd-03c9-417c-8cbd-18ee5dda729f,1746060061.669834,99.82000000000001,15,af0d6ecb-23ad-45e9-aaf3-34c839df78bc,9d576e4c-b398-495a-bae7-1b27c6d51709,OrderSide.SELL
b199e13f-cfc2-4f34-9ae4-c0d076217257,1746060061.6699479,99.77,15,a151c243-339d-454c-8a56-2afa81b2aada,154a5bf2-bdc0-4c6b-9f06-95e99695c76c,OrderSide.SELL
9524ae04-daa9-4b2b-9ae2-f5b1eb62b272,1746060061.6699588,99.8,8,154a5bf2-bdc0-4c6b-9f06-95e99695c76c,a151c243-339d-454c-8a56-2afa81b2aada,OrderSide.SELL
a13be4ab-7c76-4ed8-9d45-0ce6d09fde64,1746060061.6699631,99.76,7,af0d6ecb-23ad-45e9-aaf3-34c839df78bc,a151c243-339d-454c-8a56-2afa81b2aada,OrderSide.SELL
a9bcf9cf-017f-4acd-942c-8de2c3941b72,1746060061.6699772,99.82000000000001,1,af0d6ecb-23ad-45e9-aaf3-34c839df78bc,6f46b869-2d34-404a-89af-8ec91aa31c98,OrderSide.SELL
75a34639-ed6a-4cda-9411-346057a32746,1746060061.669983,99.82000000000001,5,af0d6ecb-23ad-45e9-aaf3-34c839df78bc,9d576e4c-b398-495a-bae7-1b27c6d51709,OrderSide.SELL
9521de96-ccaa-46bd-b5fe-b2ad1ef91db0,1746060061.669991,99.86,5,e5c9ca85-8bc1-4da9-85a6-11276454df36,af0d6ecb-23ad-45e9-aaf3-34c839df78bc,OrderSide.SELL
2dabcbac-4b10-4c1f-833e-39e999f20184,1746060061.669997,99.82000000000001,9,af0d6ecb-23ad-45e9-aaf3-34c839df78bc,5f4c721a-fda7-46fc-8aa4-5ddc02714d80,OrderSide.SELL
4a26a9c6-a6ac-4e5b-88fa-50afdbaf1b7e,1746060061.6700742,99.76,15,a151c243-339d-454c-8a56-2afa81b2aada,154a5bf2-bdc0-4c6b-9f06-95e99695c76c,OrderSide.SELL
40986e1c-d8cb-4205-9fe8-f79857a5f102,1746060061.670084,99.76,8,af0d6ecb-23ad-45e9-aaf3-34c839df78bc,a151c243-339d-454c-8a56-2afa81b2aada,OrderSide.SELL
d1e5767d-33ba-4a39-b134-99f0edede574,1746060061.670088,99.72,7,af0d6ecb-23ad-45e9-aaf3-34c839df78bc,a151c243-339d-454c-8a56-2afa81b2aada,OrderSide.SELL
96c9df1c-771e-48b1-8b2b-ddf851a29ff9,1746060061.6700969,99.72,15,a151c243-339d-454c-8a56-2afa81b2aada,af0d6ecb-23ad-45e9-aaf3-34c839df78bc,OrderSide.SELL
1e4328b8-8fcd-4889-9c2b-29f13723b5c4,1746060061.670104,99.86,5,d48e40d2-b2a0-464a-be25-1d57adc6c039,af0d6ecb-23ad-45e9-aaf3-34c839df78bc,OrderSide.BUY
6deb0260-a6c9-48ed-aa52-43dd7116e37c,1746060061.670183,99.74000000000001,15,154a5bf2-bdc0-4c6b-9f06-95e99695c76c,a151c243-339d-454c-8a56-2afa81b2aada,OrderSide.SELL
79b64a3f-caea-4738-aaff-e714a309ba0d,1746060061.6701922,99.7,15,a151c243-339d-454c-8a56-2afa81b2aada,af0d6ecb-23ad-45e9-aaf3-34c839df78bc,OrderSide.SELL
290ffa76-d948-4f44-bd2b-0506752d67cd,1746060061.6701992,99.72,4,af0d6ecb-23ad-45e9-aaf3-34c839df78bc,6f46b869-2d34-404a-89af-8ec91aa31c98,OrderSide.SELL
36832272-0b81-40f5-b92f-df39bdeaa520,1746060061.670293,99.72,4,af0d6ecb-23ad-45e9-aaf3-34c839df78bc,154a5bf2-bdc0-4c6b-9f06-95e99695c76c,OrderSide.SELL
7a7faae3-8378-4c50-8f0b-dca4aef4f132,1746060061.6702971,99.7,11,af0d6ecb-23ad-45e9-aaf3-34c839df78bc,154a5bf2-bdc0-4c6b-9f06-95e99695c76c,OrderSide.SELL
240c68ed-2bcb-46a3-83ce-df3cc95a9900,1746060061.6703072,99.7,4,af0d6ecb-23ad-45e9-aaf3-34c839df78bc,a151c243-339d-454c-8a56-2afa81b2aada,OrderSide.SELL
59297863-187b-4f42-b8e9-a085245761b0,1746060061.670311,99.68,11,af0d6ecb-23ad-45e9-aaf3-34c839df78bc,a151c243-339d-454c-8a56-2afa81b2aada,OrderSide.SELL
a1fe66b0-0e80-45e9-ae20-c43cd87b1d48,1746060061.6703858,99.72,15,af0d6ecb-23ad-45e9-aaf3-34c839df78bc,154a5bf2-bdc0-4c6b-9f06-95e99695c76c,OrderSide.SELL
a9fde1cc-5a70-43a6-906b-a6a477996f03,1746060061.6703959,99.69,15,154a5bf2-bdc0-4c6b-9f06-95e99695c76c,a151c243-339d-454c-8a56-2afa81b2aada,OrderSide.SELL
2d5e66e2-5cbb-4d8f-a27d-fd615d6574a9,1746060061.6704068,99.68,15,a151c243-339d-454c-8a56-2afa81b2aada,af0d6ecb-23ad-45e9-aaf3-34c839df78bc,OrderSide.SELL
4799c29c-7698-41d0-96ef-91462264c365,1746060061.670492,99.68,4,af0d6ecb-23ad-45e9-aaf3-34c839df78bc,a151c243-339d-454c-8a56-2afa81b2aada,OrderSide.SELL
1bc966af-e93e-4f3b-9ab8-fdb17a913c23,1746060061.670496,99.67,11,154a5bf2-bdc0-4c6b-9f06-95e99695c76c,a151c243-339d-454c-8a56-2afa81b2aada,OrderSide.SELL
12dab121-b9e6-478b-8f0a-cd9481505297,1746060061.670506,99.68,15,a151c243-339d-454c-8a56-2afa81b2aada,af0d6ecb-23ad-45e9-aaf3-34c839df78bc,OrderSide.SELL
c563e02d-a523-48e3-bef6-11279dfe5bdf,1746060061.670513,99.67,4,154a5bf2-bdc0-4c6b-9f06-95e99695c76c,d48e40d2-b2a0-464a-be25-1d57adc6c039,OrderSide.SELL
55bd2b98-694e-4350-858b-337ef7e21194,1746060061.670519,99.65,15,154a5bf2-bdc0-4c6b-9f06-95e99695c76c,d48e40d2-b2a0-464a-be25-1d57adc6c039,OrderSide.SELL
ea3fdb07-47f7-4292-a29c-8d84448baeb7,1746060061.670524,99.65,1,154a5bf2-bdc0-4c6b-9f06-95e99695c76c,d48e40d2-b2a0-464a-be25-1d57adc6c039,OrderSide.SELL
7c7b8d9a-9b4f-44e7-879e-7db386023ec6,1746060061.670536,99.7,2,5f4c721a-fda7-46fc-8aa4-5ddc02714d80,154a5bf2-bdc0-4c6b-9f06-95e99695c76c,OrderSide.SELL
bb5bd796-4f5e-48f9-991a-4b6dcff370ff,1746060061.670621,99.65,15,af0d6ecb-23ad-45e9-aaf3-34c839df78bc,154a5bf2-bdc0-4c6b-9f06-95e99695c76c,OrderSide.SELL
0c54081c-a761-4d61-b2ab-925f4981c3a0,1746060061.670631,99.65,14,154a5bf2-bdc0-4c6b-9f06-95e99695c76c,a151c243-339d-454c-8a56-2afa81b2aada,OrderSide.SELL
fe108572-35b8-4fa0-abf8-5ea24b86ae5b,1746060061.670635,99.64,1,154a5bf2-bdc0-4c6b-9f06-95e99695c76c,a151c243-339d-454c-8a56-2afa81b2aada,OrderSide.SELL
5ca5f99b-bcc1-4bdc-bc3c-f7b272c731fa,1746060061.670644,99.64,14,154a5bf2-bdc0-4c6b-9f06-95e99695c76c,af0d6ecb-23ad-45e9-aaf3-34c839df78bc,OrderSide.SELL
9425a27b-6b76-49a4-986d-0731eb978354,1746060061.670648,99.64,1,154a5bf2-bdc0-4c6b-9f06-95e99695c76c,af0d6ecb-23ad-45e9-aaf3-34c839df78bc,OrderSide.SELL
1a972f3c-6e75-4fcb-807c-335432e40edc,1746060061.670655,99.64,14,154a5bf2-bdc0-4c6b-9f06-95e99695c76c,d48e40d2-b2a0-464a-be25-1d57adc6c039,OrderSide.SELL
f571fe65-ed8b-47e4-99f9-937b525bdbe4,1746060061.670662,99.62,7,af0d6ecb-23ad-45e9-aaf3-34c839df78bc,abfe925f-096e-4269-886b-33004406864c,OrderSide.SELL
9e9e9ad3-f4fa-4ec8-9f9d-8033a4024af1,1746060061.67067,99.7,1,3ccb1b8b-b450-4a58-a3c7-36c5dcab1ddc,154a5bf2-bdc0-4c6b-9f06-95e99695c76c,OrderSide.BUY
68ddbe7e-6070-45e2-9a70-c925996ff471,1746060061.670738,99.62,8,af0d6ecb-23ad-45e9-aaf3-34c839df78bc,154a5bf2-bdc0-4c6b-9f06-95e99695c76c,OrderSide.SELL
f9ddd4e0-2a8f-4b74-ac1c-a05fb82d72bd,1746060061.670743,99.62,7,af0d6ecb-23ad-45e9-aaf3-34c839df78bc,154a5bf2-bdc0-4c6b-9f06-95e99695c76c,OrderSide.SELL
012a7a1c-8010-4d54-8331-c26710bd4426,1746060061.670751,99.62,15,154a5bf2-bdc0-4c6b-9f06-95e99695c76c,a151c243-339d-454c-8a56-2afa81b2aada,OrderSide.SELL
f5c25dad-d2aa-4021-8ceb-e7156f8c2ef6,1746060061.67076,99.58,15,154a5bf2-bdc0-4c6b-9f06-95e99695c76c,af0d6ecb-23ad-45e9-aaf3-34c839df78bc,OrderSide.SELL
a515650c-a57f-4ced-b78b-670e53d4492a,1746060061.670841,99.62,8,af0d6ecb-23ad-45e9-aaf3-34c839df78bc,154a5bf2-bdc0-4c6b-9f06-95e99695c76c,OrderSide.SELL
f3e836cf-8e8b-4f9b-b600-69366f81c83b,1746060061.670846,99.56,7,a151c243-339d-454c-8a56-2afa81b2aada,154a5bf2-bdc0-4c6b-9f06-95e99695c76c,OrderSide.SELL
595446d9-2d47-41e8-bccd-a3ad5ba2b58e,1746060061.6708622,99.68,15,a151c243-339d-454c-8a56-2afa81b2aada,af0d6ecb-23ad-45e9-aaf3-34c839df78bc,OrderSide.SELL
67dd47cc-74f6-4766-8e00-c9498a5f11cb,1746060061.6708689,99.56,8,a151c243-339d-454c-8a56-2afa81b2aada,abfe925f-096e-4269-886b-33004406864c,OrderSide.SELL
301326a3-170d-46f9-809a-a84e1638d56a,1746060061.670874,99.55,8,3ccb1b8b-b450-4a58-a3c7-36c5dcab1ddc,abfe925f-096e-4269-886b-33004406864c,OrderSide.SELL
ac2df095-3859-454f-ab5e-04a73c0b0c38,1746060061.6709619,99.54,15,a151c243-339d-454c-8a56-2afa81b2aada,154a5bf2-bdc0-4c6b-9f06-95e99695c76c,OrderSide.SELL
96b22f8a-538e-4e65-9008-0df94d811970,1746060061.670971,99.55,15,154a5bf2-bdc0-4c6b-9f06-95e99695c76c,a151c243-339d-454c-8a56-2afa81b2aada,OrderSide.SELL
6628781a-664c-4ee6-a4ba-c0bfceee6375,1746060061.6709802,99.54,15,a151c243-339d-454c-8a56-2afa81b2aada,af0d6ecb-23ad-45e9-aaf3-34c839df78bc,OrderSide.SELL
55af01ae-10fa-4051-9d6d-8506df69c6b6,1746060061.670989,99.7,11,d48e40d2-b2a0-464a-be25-1d57adc6c039,154a5bf2-bdc0-4c6b-9f06-95e99695c76c,OrderSide.BUY
8caa2da8-1759-48ec-80b8-28d6a90aff92,1746060061.671063,99.46000000000001,15,a151c243-339d-454c-8a56-2afa81b2aada,154a5bf2-bdc0-4c6b-9f06-95e99695c76c,OrderSide.SELL
14cee5de-7a49-48cd-b5ab-68508477a928,1746060061.671072,99.46000000000001,15,af0d6ecb-23ad-45e9-aaf3-34c839df78bc,a151c243-339d-454c-8a56-2afa81b2aada,OrderSide.SELL
62f8aec3-0385-4aa8-9c93-0a9269d906ab,1746060061.671086,99.55,2,ffe7c61d-9a52-4c3c-948a-37558a8e35f5,af0d6ecb-23ad-45e9-aaf3-34c839df78bc,OrderSide.SELL
a87d3027-bb2b-41a0-bc90-4e309a1c7374,1746060061.67116,99.52,15,af0d6ecb-23ad-45e9-aaf3-34c839df78bc,154a5bf2-bdc0-4c6b-9f06-95e99695c76c,OrderSide.SELL
13578005-913e-4036-8f2e-da491599868d,1746060061.671169,99.42,15,154a5bf2-bdc0-4c6b-9f06-95e99695c76c,a151c243-339d-454c-8a56-2afa81b2aada,OrderSide.SELL
33593365-22c1-4262-a517-fcf5bf1177ec,1746060061.671178,99.44,15,a151c243-339d-454c-8a56-2afa81b2aada,af0d6ecb-23ad-45e9-aaf3-34c839df78bc,OrderSide.SELL
33c1c3d5-1dc3-45f6-8162-967e08ec77df,1746060061.671255,99.41,15,af0d6ecb-23ad-45e9-aaf3-34c839df78bc,154a5bf2-bdc0-4c6b-9f06-95e99695c76c,OrderSide.SELL
a639acbb-1f29-4b52-8920-5965c1b6e6b8,1746060061.671264,99.41,15,af0d6ecb-23ad-45e9-aaf3-34c839df78bc,a151c243-339d-454c-8a56-2afa81b2aada,OrderSide.SELL
0094cf14-f10e-43e4-8e1f-db8b96f1fa5d,1746060061.671273,99.4,15,a151c243-339d-454c-8a56-2afa81b2aada,af0d6ecb-23ad-45e9-aaf3-34c839df78bc,OrderSide.SELL
e2539812-a577-4d23-a02c-84c4c794f724,1746060061.6712801,99.39,10,af0d6ecb-23ad-45e9-aaf3-34c839df78bc,abfe925f-096e-4269-886b-33004406864c,OrderSide.SELL
55e8cb55-e836-4b6e-8150-845b9c7f1c67,1746060061.671382,99.39,5,af0d6ecb-23ad-45e9-aaf3-34c839df78bc,154a5bf2-bdc0-4c6b-9f06-95e99695c76c,OrderSide.SELL
53d59dd3-b06f-4ee7-aa94-4f30312fb522,1746060061.671386,99.38,10,af0d6ecb-23ad-45e9-aaf3-34c839df78bc,154a5bf2-bdc0-4c6b-9f06-95e99695c76c,OrderSide.SELL
fb68dfae-1298-400f-b1dd-05eba6e046c0,1746060061.671395,99.38,5,af0d6ecb-23ad-45e9-aaf3-34c839df78bc,a151c243-339d-454c-8a56-2afa81b2aada,OrderSide.SELL
66c2bf58-1887-4bd5-9287-13972ee95003,1746060061.6713989,99.38,10,af0d6ecb-23ad-45e9-aaf3-34c839df78bc,a151c243-339d-454c-8a56-2afa81b2aada,OrderSide.SELL
27dd30a0-9506-47d4-9891-1e70e9bf2a8b,1746060061.671409,99.36,15,a151c243-339d-454c-8a56-2afa81b2aada,af0d6ecb-23ad-45e9-aaf3-34c839df78bc,OrderSide.SELL
2e7fd35c-b23c-4e8a-8144-e96f595f9499,1746060061.671507,99.41,15,154a5bf2-bdc0-4c6b-9f06-95e99695c76c,a151c243-339d-454c-8a56-2afa81b2aada,OrderSide.SELL
3fa01236-7484-4224-9456-4759ab263628,1746060061.671517,99.35000000000001,15,a151c243-339d-454c-8a56-2afa81b2aada,af0d6ecb-23ad-45e9-aaf3-34c839df78bc,OrderSide.SELL
9258c927-37fa-49cd-a5f1-9727f08d886c,1746060061.671526,99.44,7,abfe925f-096e-4269-886b-33004406864c,154a5bf2-bdc0-4c6b-9f06-95e99695c76c,OrderSide.SELL
e198289b-a2f1-4fe0-8c25-8831486f2981,1746060061.671613,99.38,5,af0d6ecb-23ad-45e9-aaf3-34c839df78bc,154a5bf2-bdc0-4c6b-9f06-95e99695c76c,OrderSide.SELL
990fef62-4e85-4282-86ba-923a88b35ed8,1746060061.671616,99.34,10,af0d6ecb-23ad-45e9-aaf3-34c839df78bc,154a5bf2-bdc0-4c6b-9f06-95e99695c76c,OrderSide.SELL
51c7471b-31f3-4499-a5be-eee1d1f6395e,1746060061.671626,99.34,15,154a5bf2-bdc0-4c6b-9f06-95e99695c76c,a151c243-339d-454c-8a56-2afa81b2aada,OrderSide.SELL
747e478c-044d-44bc-867b-aa4da3acb8ea,1746060061.6716359,99.32000000000001,15,a151c243-339d-454c-8a56-2afa81b2aada,af0d6ecb-23ad-45e9-aaf3-34c839df78bc,OrderSide.SELL
e6bd95aa-8f03-4cb1-8b74-2287b80dd93c,1746060061.671645,99.44,8,6f46b869-2d34-404a-89af-8ec91aa31c98,154a5bf2-bdc0-4c6b-9f06-95e99695c76c,OrderSide.BUY
03465319-ca9a-4699-8a18-617b5e6ed485,1746060061.6716511,99.55,4,6f46b869-2d34-404a-89af-8ec91aa31c98,af0d6ecb-23ad-45e9-aaf3-34c839df78bc,OrderSide.BUY
1efb7d3c-9558-416c-8edd-41663c469440,1746060061.6717598,99.39,15,154a5bf2-bdc0-4c6b-9f06-95e99695c76c,a151c243-339d-454c-8a56-2afa81b2aada,OrderSide.SELL
d1e8bd21-6d8d-4032-ab48-4a3322c7cea5,1746060061.6717708,99.27,15,154a5bf2-bdc0-4c6b-9f06-95e99695c76c,af0d6ecb-23ad-45e9-aaf3-34c839df78bc,OrderSide.SELL
929f43df-33ca-4f54-b26c-3c87a2a6fc7f,1746060061.6718578,99.34,5,af0d6ecb-23ad-45e9-aaf3-34c839df78bc,154a5bf2-bdc0-4c6b-9f06-95e99695c76c,OrderSide.SELL
6888eaea-d0d5-4d1a-b8d7-7d8707bb0d26,1746060061.6718621,99.28,10,af0d6ecb-23ad-45e9-aaf3-34c839df78bc,154a5bf2-bdc0-4c6b-9f06-95e99695c76c,OrderSide.SELL
36a6dd35-ffe6-4929-be2f-7a5694cb54f0,1746060061.671872,99.28,5,af0d6ecb-23ad-45e9-aaf3-34c839df78bc,a151c243-339d-454c-8a56-2afa81b2aada,OrderSide.SELL
f143c3d7-4ba1-4a79-8d6b-6167fd306929,1746060061.6718762,99.26,10,154a5bf2-bdc0-4c6b-9f06-95e99695c76c,a151c243-339d-454c-8a56-2afa81b2aada,OrderSide.SELL
7b71d58d-2835-41f9-95ed-4c764c2524b9,1746060061.671885,99.26,5,154a5bf2-bdc0-4c6b-9f06-95e99695c76c,af0d6ecb-23ad-45e9-aaf3-34c839df78bc,OrderSide.SELL
0f6d8f1e-e7fc-45f3-9f17-4519f9580282,1746060061.6718888,99.18,9,ffe7c61d-9a52-4c3c-948a-37558a8e35f5,af0d6ecb-23ad-45e9-aaf3-34c839df78bc,OrderSide.SELL
bf353f3d-f755-4ce5-a1ba-e36518910509,1746060061.671892,99.18,1,154a5bf2-bdc0-4c6b-9f06-95e99695c76c,af0d6ecb-23ad-45e9-aaf3-34c839df78bc,OrderSide.SELL
6c7d10c3-6de8-41a4-958f-9bf4d022fa9d,1746060061.6719968,99.16,15,a151c243-339d-454c-8a56-2afa81b2aada,154a5bf2-bdc0-4c6b-9f06-95e99695c76c,OrderSide.SELL
17699859-3f26-4890-b6d2-7c42cebd43fb,1746060061.672016,99.18,14,154a5bf2-bdc0-4c6b-9f06-95e99695c76c,af0d6ecb-23ad-45e9-aaf3-34c839df78bc,OrderSide.SELL
3b155a14-57a8-47c0-9770-855746783e13,1746060061.67202,99.18,1,a151c243-339d-454c-8a56-2afa81b2aada,af0d6ecb-23ad-45e9-aaf3-34c839df78bc,OrderSide.SELL
7e6567a1-33c9-4c26-9d09-3d068c9a00b1,1746060061.672118,99.18,14,a151c243-339d-454c-8a56-2afa81b2aada,154a5bf2-bdc0-4c6b-9f06-95e99695c76c,OrderSide.SELL
c3574d95-4750-4d2d-ba78-81dc134ed171,1746060061.672122,99.12,1,af0d6ecb-23ad-45e9-aaf3-34c839df78bc,154a5bf2-bdc0-4c6b-9f06-95e99695c76c,OrderSide.SELL
8cab504e-4f44-4a78-b384-870784eab26f,1746060061.6721332,99.12,15,154a5bf2-bdc0-4c6b-9f06-95e99695c76c,a151c243-339d-454c-8a56-2afa81b2aada,OrderSide.SELL
7387a805-44cf-47fa-9fdf-cb23f9cdf1ed,1746060061.6721432,99.11,1,5f4c721a-fda7-46fc-8aa4-5ddc02714d80,af0d6ecb-23ad-45e9-aaf3-34c839df78bc,OrderSide.SELL
926ef17c-d64c-4393-a30f-3d06fff6eac8,1746060061.672147,99.11,14,a151c243-339d-454c-8a56-2afa81b2aada,af0d6ecb-23ad-45e9-aaf3-34c839df78bc,OrderSide.SELL
53b68856-aa9c-46f8-b94f-2ba8b1745a97,1746060061.672158,99.21000000000001,15,d48e40d2-b2a0-464a-be25-1d57adc6c039,a151c243-339d-454c-8a56-2afa81b2aada,OrderSide.BUY
de6391f9-f530-4fca-9422-dd06181effff,1746060061.672163,99.42,2,d48e40d2-b2a0-464a-be25-1d57adc6c039,154a5bf2-bdc0-4c6b-9f06-95e99695c76c,OrderSide.BUY
41a09384-22fe-4f0b-9ada-0533d468df61,1746060061.672172,99.12,10,af0d6ecb-23ad-45e9-aaf3-34c839df78bc,5f4c721a-fda7-46fc-8aa4-5ddc02714d80,OrderSide.SELL
167b0c70-346b-420a-be6f-20a61e4dde98,1746060061.6722748,99.12,4,af0d6ecb-23ad-45e9-aaf3-34c839df78bc,154a5bf2-bdc0-4c6b-9f06-95e99695c76c,OrderSide.SELL
9817a806-f8c8-47f7-92ff-5db6b0ea6327,1746060061.6722791,99.11,1,a151c243-339d-454c-8a56-2afa81b2aada,154a5bf2-bdc0-4c6b-9f06-95e99695c76c,OrderSide.SELL
0be07dd7-2de9-4fd8-b168-fc67781e8bbd,1746060061.672283,99.10000000000001,10,a151c243-339d-454c-8a56-2afa81b2aada,154a5bf2-bdc0-4c6b-9f06-95e99695c76c,OrderSide.SELL
26c9afb2-f7e1-4a90-a113-0ae064401852,1746060061.672294,99.08,15,154a5bf2-bdc0-4c6b-9f06-95e99695c76c,a151c243-339d-454c-8a56-2afa81b2aada,OrderSide.SELL
1a19385a-f5a8-4643-9478-ed387f7c5b11,1746060061.672315,99.19,7,1e142170-985e-4150-b97b-5f026e36a2ca,af0d6ecb-23ad-45e9-aaf3-34c839df78bc,OrderSide.SELL
77ee42ed-3954-4e29-9a90-3b9bdf37cb2a,1746060061.67241,99.16,15,af0d6ecb-23ad-45e9-aaf3-34c839df78bc,154a5bf2-bdc0-4c6b-9f06-95e99695c76c,OrderSide.SELL
9de37bff-9a4c-413a-acc9-6146cc056cc1,1746060061.67242,99.07000000000001,2,3ccb1b8b-b450-4a58-a3c7-36c5dcab1ddc,a151c243-339d-454c-8a56-2afa81b2aada,OrderSide.SELL
2641a653-95d7-4850-a65b-46a347e7270d,1746060061.6724238,99.07000000000001,9,5f4c721a-fda7-46fc-8aa4-5ddc02714d80,a151c243-339d-454c-8a56-2afa81b2aada,OrderSide.SELL
0e1d2837-8e2a-4b13-a61c-ea9cf25ad3a5,1746060061.6724281,99.04,4,154a5bf2-bdc0-4c6b-9f06-95e99695c76c,a151c243-339d-454c-8a56-2afa81b2aada,OrderSide.SELL
0d2a0c0a-842b-4d2c-9f16-8017f8ac3a70,1746060061.672448,99.12,14,d48e40d2-b2a0-464a-be25-1d57adc6c039,af0d6ecb-23ad-45e9-aaf3-34c839df78bc,OrderSide.SELL
bc0f99bb-3a4f-4062-b958-a9e3b327e34f,1746060061.672456,99.12,1,9d576e4c-b398-495a-bae7-1b27c6d51709,af0d6ecb-23ad-45e9-aaf3-34c839df78bc,OrderSide.SELL
adf8fa2e-4247-42f2-8b37-c068e0dbe02f,1746060061.672462,99.19,8,9d576e4c-b398-495a-bae7-1b27c6d51709,af0d6ecb-23ad-45e9-aaf3-34c839df78bc,OrderSide.BUY
b0915760-a918-4cbe-9c73-59f512900491,1746060061.672468,99.42,5,9d576e4c-b398-495a-bae7-1b27c6d51709,154a5bf2-bdc0-4c6b-9f06-95e99695c76c,OrderSide.BUY
3c053638-e58c-492e-b646-30f1f48f36c0,1746060061.672548,99.12,15,a151c243-339d-454c-8a56-2afa81b2aada,154a5bf2-bdc0-4c6b-9f06-95e99695c76c,OrderSide.SELL
09bed551-187a-4c2b-8e93-5a2943bc9115,1746060061.672558,99.22,15,af0d6ecb-23ad-45e9-aaf3-34c839df78bc,a151c243-339d-454c-8a56-2afa81b2aada,OrderSide.SELL
fee4e1de-0289-4f80-99d0-5c9ced728309,1746060061.6726441,99.16,15,154a5bf2-bdc0-4c6b-9f06-95e99695c76c,a151c243-339d-454c-8a56-2afa81b2aada,OrderSide.SELL
c0f3f7cd-dd74-4948-8d90-417b75488b7c,1746060061.6726542,99.12,15,a151c243-339d-454c-8a56-2afa81b2aada,af0d6ecb-23ad-45e9-aaf3-34c839df78bc,OrderSide.SELL
230cb5ee-7fba-4049-9fc1-5ccd5f870873,1746060061.672738,99.10000000000001,5,a151c243-339d-454c-8a56-2afa81b2aada,154a5bf2-bdc0-4c6b-9f06-95e99695c76c,OrderSide.SELL
5a157756-382b-4ffb-8e92-532d67b9500e,1746060061.672742,99.09,10,af0d6ecb-23ad-45e9-aaf3-34c839df78bc,154a5bf2-bdc0-4c6b-9f06-95e99695c76c,OrderSide.SELL
ef27de6e-88b3-42b9-ad1e-a95518f210b6,1746060061.672757,99.10000000000001,15,af0d6ecb-23ad-45e9-aaf3-34c839df78bc,a151c243-339d-454c-8a56-2afa81b2aada,OrderSide.SELL
7737f5e0-8eee-451e-80f5-9ad18afb4441,1746060061.6727722,99.09,5,af0d6ecb-23ad-45e9-aaf3-34c839df78bc,5f4c721a-fda7-46fc-8aa4-5ddc02714d80,OrderSide.SELL
8924d45b-9021-40d1-8a8d-a2e7ff08cf12,1746060061.672777,99.08,1,154a5bf2-bdc0-4c6b-9f06-95e99695c76c,5f4c721a-fda7-46fc-8aa4-5ddc02714d80,OrderSide.SELL
8e42da39-a647-4110-9db5-c62aa48b6249,1746060061.672856,99.12,15,a151c243-339d-454c-8a56-2afa81b2aada,154a5bf2-bdc0-4c6b-9f06-95e99695c76c,OrderSide.SELL
61cbfbd9-4496-4d6c-90b5-ec119af5882d,1746060061.6728709,99.10000000000001,15,154a5bf2-bdc0-4c6b-9f06-95e99695c76c,af0d6ecb-23ad-45e9-aaf3-34c839df78bc,OrderSide.SELL
e874767f-1131-4ac8-9d14-47e694c74229,1746060061.67421,99.10000000000001,15,154a5bf2-bdc0-4c6b-9f06-95e99695c76c,a151c243-339d-454c-8a56-2afa81b2aada,OrderSide.SELL
982768ac-386b-48bb-b3e3-b833c6c3bdff,1746060061.674222,99.08,14,154a5bf2-bdc0-4c6b-9f06-95e99695c76c,af0d6ecb-23ad-45e9-aaf3-34c839df78bc,OrderSide.SELL
ab27cb42-8ae8-4965-8f7f-f7878a9e6cc0,1746060061.674227,99.08,1,a151c243-339d-454c-8a56-2afa81b2aada,af0d6ecb-23ad-45e9-aaf3-34c839df78bc,OrderSide.SELL
a53e06ea-f8f5-41b4-8cbe-7f62f3cd92b9,1746060061.674237,99.12,10,abfe925f-096e-4269-886b-33004406864c,154a5bf2-bdc0-4c6b-9f06-95e99695c76c,OrderSide.SELL
9ac48c85-f1ea-47c2-8eeb-241979ea2162,1746060061.6743639,99.08,14,a151c243-339d-454c-8a56-2afa81b2aada,154a5bf2-bdc0-4c6b-9f06-95e99695c76c,OrderSide.SELL
f0728ba9-2979-4be7-8a56-917d9113dc16,1746060061.67437,99.05,1,a151c243-339d-454c-8a56-2afa81b2aada,154a5bf2-bdc0-4c6b-9f06-95e99695c76c,OrderSide.SELL
cd4d2cb9-df21-4f4b-aeb1-91c55a267d9a,1746060061.674378,99.12,5,a151c243-339d-454c-8a56-2afa81b2aada,154a5bf2-bdc0-4c6b-9f06-95e99695c76c,OrderSide.BUY
733bf848-f49b-4e54-bdb5-ea65afedf302,1746060061.674398,99.12,10,a151c243-339d-454c-8a56-2afa81b2aada,af0d6ecb-23ad-45e9-aaf3-34c839df78bc,OrderSide.SELL
9ea79aae-14f5-4f6b-addf-d2c8e61c63af,1746060061.6744142,99.12,5,abfe925f-096e-4269-886b-33004406864c,af0d6ecb-23ad-45e9-aaf3-34c839df78bc,OrderSide.SELL
7b7a6e6f-02e2-43cd-9e19-1bb269473d96,1746060061.674421,99.14,15,abfe925f-096e-4269-886b-33004406864c,a151c243-339d-454c-8a56-2afa81b2aada,OrderSide.SELL
8a6e3907-ddae-46cf-9a6a-f05f5c67ebdb,1746060061.674623,99.12,15,154a5bf2-bdc0-4c6b-9f06-95e99695c76c,a151c243-339d-454c-8a56-2afa81b2aada,OrderSide.SELL
2ddae71d-f689-4931-98b2-b84c8d753317,1746060061.6746309,99.14,15,af0d6ecb-23ad-45e9-aaf3-34c839df78bc,154a5bf2-bdc0-4c6b-9f06-95e99695c76c,OrderSide.SELL
86ab0fa1-0750-4185-a89d-00dd83e144c7,1746060061.674686,99.10000000000001,11,af0d6ecb-23ad-45e9-aaf3-34c839df78bc,6f46b869-2d34-404a-89af-8ec91aa31c98,OrderSide.SELL
73d594b2-9066-49d7-81b2-a5aa30bf8320,1746060061.6747,99.18,4,56b71052-1319-4c5d-b3f3-580ad0c68c2a,af0d6ecb-23ad-45e9-aaf3-34c839df78bc,OrderSide.BUY
77fe1f58-4773-40f6-95e9-3d52441a9bcc,1746060061.6748438,99.14,15,a151c243-339d-454c-8a56-2afa81b2aada,154a5bf2-bdc0-4c6b-9f06-95e99695c76c,OrderSide.SELL
c51819c2-f56b-4fbc-84e8-b760a6ba7616,1746060061.6748748,99.12,15,154a5bf2-bdc0-4c6b-9f06-95e99695c76c,af0d6ecb-23ad-45e9-aaf3-34c839df78bc,OrderSide.SELL
ea091402-66c2-4246-ab91-0fcfa353843b,1746060061.6749818,99.12,15,154a5bf2-bdc0-4c6b-9f06-95e99695c76c,a151c243-339d-454c-8a56-2afa81b2aada,OrderSide.SELL
1afc7fe6-6aeb-4848-8fe5-23730eb974d8,1746060061.6749911,99.14,15,af0d6ecb-23ad-45e9-aaf3-34c839df78bc,154a5bf2-bdc0-4c6b-9f06-95e99695c76c,OrderSide.SELL
3ca79e58-2a16-4d34-b70d-987d3da9dff7,1746060061.675005,99.10000000000001,4,af0d6ecb-23ad-45e9-aaf3-34c839df78bc,9d576e4c-b398-495a-bae7-1b27c6d51709,OrderSide.SELL
38229c8b-0f9a-42f4-a9a3-8abaa45df4b1,1746060061.675012,99.07000000000001,7,af0d6ecb-23ad-45e9-aaf3-34c839df78bc,9d576e4c-b398-495a-bae7-1b27c6d51709,OrderSide.SELL
ac0f9e78-088b-416d-b6c0-1af682658084,1746060061.675105,99.13,15,a151c243-339d-454c-8a56-2afa81b2aada,154a5bf2-bdc0-4c6b-9f06-95e99695c76c,OrderSide.SELL
6b08a1ae-cd77-4481-b0cc-922870f3a58e,1746060061.6751208,99.10000000000001,15,154a5bf2-bdc0-4c6b-9f06-95e99695c76c,af0d6ecb-23ad-45e9-aaf3-34c839df78bc,OrderSide.SELL
669b7b94-1559-41c7-b842-ea8abec792a2,1746060061.675206,99.10000000000001,15,154a5bf2-bdc0-4c6b-9f06-95e99695c76c,a151c243-339d-454c-8a56-2afa81b2aada,OrderSide.SELL
f5af361e-ed3d-4b98-bff4-a03b306d2d39,1746060061.6753001,99.08,15,af0d6ecb-23ad-45e9-aaf3-34c839df78bc,154a5bf2-bdc0-4c6b-9f06-95e99695c76c,OrderSide.SELL
56e3a2bd-a7dd-4f50-bd60-b626cd7c4d4e,1746060061.675308,99.12,15,a151c243-339d-454c-8a56-2afa81b2aada,154a5bf2-bdc0-4c6b-9f06-95e99695c76c,OrderSide.BUY
57b4eb80-92c8-4fa7-bb51-12a5b775927a,1746060061.675332,99.10000000000001,14,6f46b869-2d34-404a-89af-8ec91aa31c98,af0d6ecb-23ad-45e9-aaf3-34c839df78bc,OrderSide.SELL
577a426e-9558-44cd-a6b5-31f0233f64a2,1746060061.6754649,99.10000000000001,1,154a5bf2-bdc0-4c6b-9f06-95e99695c76c,af0d6ecb-23ad-45e9-aaf3-34c839df78bc,OrderSide.BUY
866ec083-8182-471b-8265-8bb28af07a38,1746060061.6754692,99.12,14,154a5bf2-bdc0-4c6b-9f06-95e99695c76c,af0d6ecb-23ad-45e9-aaf3-34c839df78bc,OrderSide.BUY
98952af5-5dac-42cb-9ced-e145730db8e7,1746060061.6754858,99.07000000000001,8,af0d6ecb-23ad-45e9-aaf3-34c839df78bc,a151c243-339d-454c-8a56-2afa81b2aada,OrderSide.SELL
ff9e3a89-66de-4265-8d15-9b45fb6adf5b,1746060061.6754901,99.06,7,af0d6ecb-23ad-45e9-aaf3-34c839df78bc,a151c243-339d-454c-8a56-2afa81b2aada,OrderSide.SELL
2fc35118-c581-4021-b6d9-059dcf891923,1746060061.675533,99.06,8,af0d6ecb-23ad-45e9-aaf3-34c839df78bc,6f46b869-2d34-404a-89af-8ec91aa31c98,OrderSide.SELL
ad3b0500-e8c6-4447-892a-0fd2c1d628cc,1746060061.675539,99.05,2,a151c243-339d-454c-8a56-2afa81b2aada,6f46b869-2d34-404a-89af-8ec91aa31c98,OrderSide.SELL
ef0f16f5-8170-476a-8c3b-6027475caff5,1746060061.675551,99.07000000000001,7,d48e40d2-b2a0-464a-be25-1d57adc6c039,af0d6ecb-23ad-45e9-aaf3-34c839df78bc,OrderSide.SELL
af719b7b-7948-4902-8d51-5d201950a865,1746060061.675735,99.06,15,a151c243-339d-454c-8a56-2afa81b2aada,154a5bf2-bdc0-4c6b-9f06-95e99695c76c,OrderSide.SELL
891b13da-b384-4b84-9ea7-50b491a6c095,1746060061.675752,99.05,12,a151c243-339d-454c-8a56-2afa81b2aada,af0d6ecb-23ad-45e9-aaf3-34c839df78bc,OrderSide.SELL
2dfaf6f7-76ab-4f59-a505-a8f26af1b6c7,1746060061.675756,99.04,3,154a5bf2-bdc0-4c6b-9f06-95e99695c76c,af0d6ecb-23ad-45e9-aaf3-34c839df78bc,OrderSide.SELL
8e32da6d-90d5-408a-b8ea-132f3855b28f,1746060061.675765,99.04,4,154a5bf2-bdc0-4c6b-9f06-95e99695c76c,5f4c721a-fda7-46fc-8aa4-5ddc02714d80,OrderSide.SELL
4ba4d503-d3e8-49f0-a907-1906625f0291,1746060061.676029,99.07000000000001,8,154a5bf2-bdc0-4c6b-9f06-95e99695c76c,af0d6ecb-23ad-45e9-aaf3-34c839df78bc,OrderSide.BUY
0931b7fa-2035-49e9-be8a-e6f30722d492,1746060061.676055,99.08,7,154a5bf2-bdc0-4c6b-9f06-95e99695c76c,a151c243-339d-454c-8a56-2afa81b2aada,OrderSide.BUY
f587cec5-c5eb-468e-ba88-c432bdd450b3,1746060061.676091,99.04,4,154a5bf2-bdc0-4c6b-9f06-95e99695c76c,a151c243-339d-454c-8a56-2afa81b2aada,OrderSide.SELL
11b64300-66db-4390-a02f-f80ebf55c16c,1746060061.676096,99.04,11,af0d6ecb-23ad-45e9-aaf3-34c839df78bc,a151c243-339d-454c-8a56-2afa81b2aada,OrderSide.SELL
39292911-67c5-4e89-9d08-bb0a5ed2cff7,1746060061.6761029,99.08,8,af0d6ecb-23ad-45e9-aaf3-34c839df78bc,a151c243-339d-454c-8a56-2afa81b2aada,OrderSide.BUY
514925a4-a347-4498-a82c-5be56f3288fe,1746060061.676107,99.14,7,af0d6ecb-23ad-45e9-aaf3-34c839df78bc,a151c243-339d-454c-8a56-2afa81b2aada,OrderSide.BUY
a1b3e7f5-fd8a-4943-8a62-578cefa2dced,1746060061.6761951,99.04,15,a151c243-339d-454c-8a56-2afa81b2aada,154a5bf2-bdc0-4c6b-9f06-95e99695c76c,OrderSide.SELL
2c4e5886-b74e-4869-a0fa-2880ec7ed956,1746060061.676203,99.12,1,a151c243-339d-454c-8a56-2afa81b2aada,af0d6ecb-23ad-45e9-aaf3-34c839df78bc,OrderSide.BUY
bdfc2fbf-f7a7-4ac6-b558-da3ff74908b7,1746060061.676207,99.14,14,a151c243-339d-454c-8a56-2afa81b2aada,154a5bf2-bdc0-4c6b-9f06-95e99695c76c,OrderSide.BUY
e3c44aca-c6ae-4638-80f5-97f0fe4016c1,1746060061.6762218,99.04,15,a151c243-339d-454c-8a56-2afa81b2aada,af0d6ecb-23ad-45e9-aaf3-34c839df78bc,OrderSide.SELL
edf58f79-ed57-44db-8040-c81a6ac2c95b,1746060061.676231,99.04,4,af0d6ecb-23ad-45e9-aaf3-34c839df78bc,abfe925f-096e-4269-886b-33004406864c,OrderSide.SELL
34790bb9-ad35-493d-ba5d-e6f4d7c2ab35,1746060061.676237,99.04,12,af0d6ecb-23ad-45e9-aaf3-34c839df78bc,abfe925f-096e-4269-886b-33004406864c,OrderSide.SELL
164e5336-a762-42ca-add0-380ba55323ff,1746060061.676317,99.14,8,154a5bf2-bdc0-4c6b-9f06-95e99695c76c,a151c243-339d-454c-8a56-2afa81b2aada,OrderSide.BUY
1f5f7abb-0527-4208-84f4-fa215a99dfbf,1746060061.676321,99.17,7,154a5bf2-bdc0-4c6b-9f06-95e99695c76c,a151c243-339d-454c-8a56-2afa81b2aada,OrderSide.BUY
f28b4000-c771-49e7-b9e4-4a601ef9ef7d,1746060061.676338,99.04,3,af0d6ecb-23ad-45e9-aaf3-34c839df78bc,a151c243-339d-454c-8a56-2afa81b2aada,OrderSide.SELL
e7c224aa-8a35-4463-bb25-07de72edb657,1746060061.676343,99.04,12,af0d6ecb-23ad-45e9-aaf3-34c839df78bc,a151c243-339d-454c-8a56-2afa81b2aada,OrderSide.SELL
2e131260-a563-4dd6-9493-b30945c55999,1746060061.676353,99.04,15,154a5bf2-bdc0-4c6b-9f06-95e99695c76c,af0d6ecb-23ad-45e9-aaf3-34c839df78bc,OrderSide.SELL
7e866ef4-9f38-41ae-9256-3d948dc8b020,1746060061.676363,99.04,3,af0d6ecb-23ad-45e9-aaf3-34c839df78bc,abfe925f-096e-4269-886b-33004406864c,OrderSide.SELL
84bcf19f-8f91-439f-981c-b48d439135df,1746060061.676369,99.04,1,af0d6ecb-23ad-45e9-aaf3-34c839df78bc,abfe925f-096e-4269-886b-33004406864c,OrderSide.SELL
18f48658-ba08-405d-bc57-bf058450c612,1746060061.6765041,99.04,14,af0d6ecb-23ad-45e9-aaf3-34c839df78bc,154a5bf2-bdc0-4c6b-9f06-95e99695c76c,OrderSide.SELL
bd05072a-ed3a-4b77-ad14-d30f5564f462,1746060061.676508,99.02,1,af0d6ecb-23ad-45e9-aaf3-34c839df78bc,154a5bf2-bdc0-4c6b-9f06-95e99695c76c,OrderSide.SELL
4c66768f-8a09-4bf2-91d5-c52351438ba8,1746060061.676529,99.04,15,a151c243-339d-454c-8a56-2afa81b2aada,af0d6ecb-23ad-45e9-aaf3-34c839df78bc,OrderSide.SELL
1c63ae89-8d88-499f-bb68-944e98464d76,1746060061.6765382,99.02,1,af0d6ecb-23ad-45e9-aaf3-34c839df78bc,d48e40d2-b2a0-464a-be25-1d57adc6c039,OrderSide.SELL
bf85a9af-c4bd-457d-8009-5c6aa341fa97,1746060061.6766562,99.04,15,154a5bf2-bdc0-4c6b-9f06-95e99695c76c,a151c243-339d-454c-8a56-2afa81b2aada,OrderSide.SELL
d5cfdc60-c984-4516-8a7f-22ecb0f301e8,1746060061.676668,99.02,15,a151c243-339d-454c-8a56-2afa81b2aada,af0d6ecb-23ad-45e9-aaf3-34c839df78bc,OrderSide.SELL
783e5a34-596b-4ad6-b5fd-73a491d0a50d,1746060061.676762,99.02,13,af0d6ecb-23ad-45e9-aaf3-34c839df78bc,154a5bf2-bdc0-4c6b-9f06-95e99695c76c,OrderSide.SELL
902cb64a-6004-4a12-aa38-ab2d669eccc8,1746060061.6767669,99.0,2,af0d6ecb-23ad-45e9-aaf3-34c839df78bc,154a5bf2-bdc0-4c6b-9f06-95e99695c76c,OrderSide.SELL
7960b2c7-aeb1-426e-b486-53c99f7ffe49,1746060061.676894,99.02,15,154a5bf2-bdc0-4c6b-9f06-95e99695c76c,a151c243-339d-454c-8a56-2afa81b2aada,OrderSide.SELL
f940f1b7-7aad-4db0-a6fb-682f85096439,1746060061.67698,99.06,6,6f46b869-2d34-404a-89af-8ec91aa31c98,a151c243-339d-454c-8a56-2afa81b2aada,OrderSide.BUY
e6125001-fa93-4d21-95c3-11285b1f642b,1746060061.677008,99.05,12,af0d6ecb-23ad-45e9-aaf3-34c839df78bc,d48e40d2-b2a0-464a-be25-1d57adc6c039,OrderSide.SELL
144b78b2-c385-49c7-ac73-02a398b039d1,1746060061.677035,99.06,3,e5c9ca85-8bc1-4da9-85a6-11276454df36,a151c243-339d-454c-8a56-2afa81b2aada,OrderSide.BUY
59402afb-2fd6-43ce-aa62-66c82cd00783,1746060061.6774578,99.05,3,af0d6ecb-23ad-45e9-aaf3-34c839df78bc,154a5bf2-bdc0-4c6b-9f06-95e99695c76c,OrderSide.SELL
a12a8f58-9957-4793-af25-a8bfca4dd792,1746060061.677464,99.0,12,af0d6ecb-23ad-45e9-aaf3-34c839df78bc,154a5bf2-bdc0-4c6b-9f06-95e99695c76c,OrderSide.SELL
32ce993a-8b12-4e75-bfde-53359f31b6e1,1746060061.677474,99.07000000000001,15,a151c243-339d-454c-8a56-2afa81b2aada,154a5bf2-bdc0-4c6b-9f06-95e99695c76c,OrderSide.BUY
acdede26-3156-4839-8bd8-4e82f3f9fe71,1746060061.677496,99.01,15,154a5bf2-bdc0-4c6b-9f06-95e99695c76c,af0d6ecb-23ad-45e9-aaf3-34c839df78bc,OrderSide.SELL
468ea379-b11e-4b06-9789-8875ef52da5d,1746060061.677509,99.06,6,6f46b869-2d34-404a-89af-8ec91aa31c98,a151c243-339d-454c-8a56-2afa81b2aada,OrderSide.BUY
3c78d2c1-1315-4400-8a3f-95d323267e4b,1746060061.677516,99.08,10,6f46b869-2d34-404a-89af-8ec91aa31c98,af0d6ecb-23ad-45e9-aaf3-34c839df78bc,OrderSide.BUY
942319fe-ec4a-49a4-9c92-92b5886a0bc7,1746060061.677529,99.08,5,ffe7c61d-9a52-4c3c-948a-37558a8e35f5,af0d6ecb-23ad-45e9-aaf3-34c839df78bc,OrderSide.BUY
bfc04f7c-0858-46a5-afe5-a962a544d097,1746060061.677533,99.12,3,ffe7c61d-9a52-4c3c-948a-37558a8e35f5,a151c243-339d-454c-8a56-2afa81b2aada,OrderSide.SELL
2b398442-03b6-4359-8606-7a3aad48cfd5,1746060061.6776562,99.06,15,154a5bf2-bdc0-4c6b-9f06-95e99695c76c,a151c243-339d-454c-8a56-2afa81b2aada,OrderSide.SELL
7c764d80-112e-4e40-8893-7fbec86b501d,1746060061.67767,99.04,15,a151c243-339d-454c-8a56-2afa81b2aada,af0d6ecb-23ad-45e9-aaf3-34c839df78bc,OrderSide.SELL
90b75ba9-d9b1-49bb-94dc-1d6963d53ca6,1746060061.6776881,99.0,1,af0d6ecb-23ad-45e9-aaf3-34c839df78bc,6726281d-43d1-4450-8cdf-1b6531ee91f0,OrderSide.SELL
ceea3d34-7e54-4c46-93d7-dd91ecdd6e67,1746060061.6776938,99.0,8,a151c243-339d-454c-8a56-2afa81b2aada,6726281d-43d1-4450-8cdf-1b6531ee91f0,OrderSide.SELL
8cb4ccaf-e511-41dc-ac84-93c6e4c16b59,1746060061.677799,99.0,7,a151c243-339d-454c-8a56-2afa81b2aada,154a5bf2-bdc0-4c6b-9f06-95e99695c76c,OrderSide.SELL
a4be0f92-014a-4882-bdb9-a9d03f1eba0e,1746060061.677804,99.0,8,a151c243-339d-454c-8a56-2afa81b2aada,154a5bf2-bdc0-4c6b-9f06-95e99695c76c,OrderSide.SELL
12309b42-bbac-482f-9081-750e5333f754,1746060061.6778162,99.0,15,af0d6ecb-23ad-45e9-aaf3-34c839df78bc,a151c243-339d-454c-8a56-2afa81b2aada,OrderSide.SELL
e723cb64-f76e-4838-b588-52094dc0e593,1746060061.677841,99.10000000000001,15,6f46b869-2d34-404a-89af-8ec91aa31c98,154a5bf2-bdc0-4c6b-9f06-95e99695c76c,OrderSide.BUY
22ed2df4-471b-4a33-ab10-e8c195e4b285,1746060061.677849,99.12,4,6f46b869-2d34-404a-89af-8ec91aa31c98,a151c243-339d-454c-8a56-2afa81b2aada,OrderSide.BUY
6b849af9-18b2-4f2a-9405-9aecb3d70c3c,1746060061.677959,99.12,8,154a5bf2-bdc0-4c6b-9f06-95e99695c76c,a151c243-339d-454c-8a56-2afa81b2aada,OrderSide.BUY
938b005b-99b6-4d47-a11d-5ebdaecb1119,1746060061.677963,99.12,7,154a5bf2-bdc0-4c6b-9f06-95e99695c76c,af0d6ecb-23ad-45e9-aaf3-34c839df78bc,OrderSide.BUY
a4497fae-220b-43dd-882d-785a9dc2ac47,1746060061.67798,99.08,15,af0d6ecb-23ad-45e9-aaf3-34c839df78bc,a151c243-339d-454c-8a56-2afa81b2aada,OrderSide.SELL
56a0a39d-f09b-4366-a3b3-8223a11c17be,1746060061.677995,99.04,15,a151c243-339d-454c-8a56-2afa81b2aada,af0d6ecb-23ad-45e9-aaf3-34c839df78bc,OrderSide.SELL
89216c7b-a375-400f-8c4b-47ebe904ad0e,1746060061.678006,99.12,8,abfe925f-096e-4269-886b-33004406864c,af0d6ecb-23ad-45e9-aaf3-34c839df78bc,OrderSide.BUY
1122d01f-29ba-46ef-bdc1-085f1b0d4f42,1746060061.6780128,99.14,1,abfe925f-096e-4269-886b-33004406864c,154a5bf2-bdc0-4c6b-9f06-95e99695c76c,OrderSide.BUY
f0ccc635-ee82-4403-958b-f5f623ef26cd,1746060061.678019,99.17,6,abfe925f-096e-4269-886b-33004406864c,a151c243-339d-454c-8a56-2afa81b2aada,OrderSide.BUY
7689ab18-917b-468f-91aa-a5a7f1bb44ae,1746060061.678039,99.0,6,a151c243-339d-454c-8a56-2afa81b2aada,7f07f7cc-e32a-4f8e-ae84-fe497076e569,OrderSide.SELL
8899483c-f2d2-4e1d-83fe-105c1d929814,1746060061.678261,99.13,15,154a5bf2-bdc0-4c6b-9f06-95e99695c76c,a151c243-339d-454c-8a56-2afa81b2aada,OrderSide.BUY
c990f55a-143c-4c93-8f65-ee9891131bda,1746060061.678275,99.13,15,a151c243-339d-454c-8a56-2afa81b2aada,154a5bf2-bdc0-4c6b-9f06-95e99695c76c,OrderSide.BUY
1666d1df-452d-4ec8-8132-f8b0eafeee23,1746060061.678554,99.15,15,154a5bf2-bdc0-4c6b-9f06-95e99695c76c,af0d6ecb-23ad-45e9-aaf3-34c839df78bc,OrderSide.BUY
01e14970-7360-4547-9e13-643c24fbe389,1746060061.678646,99.17,15,a151c243-339d-454c-8a56-2afa81b2aada,154a5bf2-bdc0-4c6b-9f06-95e99695c76c,OrderSide.BUY
8508f558-f043-4e3f-9507-48b494b2f813,1746060061.678709,99.17,2,af0d6ecb-23ad-45e9-aaf3-34c839df78bc,a151c243-339d-454c-8a56-2afa81b2aada,OrderSide.BUY
1912ab32-5505-4967-b096-3a0dcc6c616b,1746060061.678754,99.17,13,af0d6ecb-23ad-45e9-aaf3-34c839df78bc,a151c243-339d-454c-8a56-2afa81b2aada,OrderSide.BUY
f18496fd-3f0e-45ed-ba2c-fc60e6802fbe,1746060061.678868,99.17,2,154a5bf2-bdc0-4c6b-9f06-95e99695c76c,a151c243-339d-454c-8a56-2afa81b2aada,OrderSide.BUY
282952a8-dca3-4f3e-bcb3-873eebfb3c3e,1746060061.678872,99.18,11,154a5bf2-bdc0-4c6b-9f06-95e99695c76c,af0d6ecb-23ad-45e9-aaf3-34c839df78bc,OrderSide.BUY
e3b36c77-d215-44ea-9165-8c600af64aae,1746060061.678916,99.18,2,154a5bf2-bdc0-4c6b-9f06-95e99695c76c,a151c243-339d-454c-8a56-2afa81b2aada,OrderSide.BUY
2afd0d65-8849-44c6-bf86-ed403d601fef,1746060061.678988,99.18,15,a151c243-339d-454c-8a56-2afa81b2aada,af0d6ecb-23ad-45e9-aaf3-34c839df78bc,OrderSide.BUY
4ff710e7-7783-44d2-b576-dca5eff2acdf,1746060061.679004,99.18,13,af0d6ecb-23ad-45e9-aaf3-34c839df78bc,a151c243-339d-454c-8a56-2afa81b2aada,OrderSide.BUY
cd189533-84e6-48b5-8439-985dde88fa3b,1746060061.679008,99.19,2,af0d6ecb-23ad-45e9-aaf3-34c839df78bc,a151c243-339d-454c-8a56-2afa81b2aada,OrderSide.BUY
4dca97e7-8374-43cf-ae5c-14d887c3a868,1746060061.679392,99.16,15,af0d6ecb-23ad-45e9-aaf3-34c839df78bc,154a5bf2-bdc0-4c6b-9f06-95e99695c76c,OrderSide.SELL
c68f8a64-dedc-49a3-af58-c77ac3096c1c,1746060061.679403,99.19,15,a151c243-339d-454c-8a56-2afa81b2aada,af0d6ecb-23ad-45e9-aaf3-34c839df78bc,OrderSide.BUY
456fd516-5302-4265-afaf-00060b74cf79,1746060061.6794171,99.19,13,af0d6ecb-23ad-45e9-aaf3-34c839df78bc,a151c243-339d-454c-8a56-2afa81b2aada,OrderSide.BUY
2238f534-ecc5-4076-8f50-b87d1ab0f651,1746060061.679421,99.2,2,af0d6ecb-23ad-45e9-aaf3-34c839df78bc,154a5bf2-bdc0-4c6b-9f06-95e99695c76c,OrderSide.BUY
912ae741-ae2e-4f1c-90ef-6626df4fae84,1746060061.6794372,99.12,15,af0d6ecb-23ad-45e9-aaf3-34c839df78bc,6f46b869-2d34-404a-89af-8ec91aa31c98,OrderSide.SELL
0edad740-53b8-4a10-b59c-cd1659f7b6bb,1746060061.6794481,99.10000000000001,15,154a5bf2-bdc0-4c6b-9f06-95e99695c76c,d48e40d2-b2a0-464a-be25-1d57adc6c039,OrderSide.SELL
31ac7282-c2c9-4c8f-b0c0-2e84072235c2,1746060061.679455,99.10000000000001,3,a151c243-339d-454c-8a56-2afa81b2aada,d48e40d2-b2a0-464a-be25-1d57adc6c039,OrderSide.SELL
c653ed35-aafe-4a5c-87d3-4f207013faaa,1746060061.679466,99.2,13,abfe925f-096e-4269-886b-33004406864c,154a5bf2-bdc0-4c6b-9f06-95e99695c76c,OrderSide.BUY
0b7e52c4-222b-46a5-b7cb-a2d6be167fa0,1746060061.679473,99.2,3,abfe925f-096e-4269-886b-33004406864c,3ccb1b8b-b450-4a58-a3c7-36c5dcab1ddc,OrderSide.BUY
9656f353-9a67-4966-b687-e22bd765bed4,1746060061.679483,99.10000000000001,7,a151c243-339d-454c-8a56-2afa81b2aada,9d576e4c-b398-495a-bae7-1b27c6d51709,OrderSide.SELL
7efc160e-5470-44d8-ad88-2872a5045b81,1746060061.679498,99.10000000000001,5,a151c243-339d-454c-8a56-2afa81b2aada,7f07f7cc-e32a-4f8e-ae84-fe497076e569,OrderSide.SELL
6e0c7dbf-b46f-4b5e-8b4a-cc75c44d0a23,1746060061.679504,99.04,2,154a5bf2-bdc0-4c6b-9f06-95e99695c76c,7f07f7cc-e32a-4f8e-ae84-fe497076e569,OrderSide.SELL
0892e21d-93cd-4c17-9711-dade3737c0e9,1746060061.6795142,99.04,6,154a5bf2-bdc0-4c6b-9f06-95e99695c76c,1e142170-985e-4150-b97b-5f026e36a2ca,OrderSide.SELL
1c385182-4429-44b1-8e3c-6746ab585b13,1746060061.679649,99.06,15,154a5bf2-bdc0-4c6b-9f06-95e99695c76c,a151c243-339d-454c-8a56-2afa81b2aada,OrderSide.SELL
26c65862-f0ed-41bd-98d8-4f16c99a4c27,1746060061.679661,99.04,7,154a5bf2-bdc0-4c6b-9f06-95e99695c76c,af0d6ecb-23ad-45e9-aaf3-34c839df78bc,OrderSide.SELL
1ae73829-f0eb-4302-80e5-8904608b2f98,1746060061.6796649,99.0,1,a151c243-339d-454c-8a56-2afa81b2aada,af0d6ecb-23ad-45e9-aaf3-34c839df78bc,OrderSide.SELL
4301d3b8-e037-4678-8ecf-9ddde055277f,1746060061.679668,99.0,7,a151c243-339d-454c-8a56-2afa81b2aada,af0d6ecb-23ad-45e9-aaf3-34c839df78bc,OrderSide.SELL
bb7eefbb-1ad1-4dfc-ae6e-243e3ade366b,1746060061.679769,99.0,8,a151c243-339d-454c-8a56-2afa81b2aada,154a5bf2-bdc0-4c6b-9f06-95e99695c76c,OrderSide.SELL
4ce828ed-fd81-4edd-8b52-56fbfe9d1135,1746060061.679774,99.0,7,a151c243-339d-454c-8a56-2afa81b2aada,154a5bf2-bdc0-4c6b-9f06-95e99695c76c,OrderSide.SELL
56e36656-0119-4122-b187-28448dda3686,1746060061.6797922,99.02,15,af0d6ecb-23ad-45e9-aaf3-34c839df78bc,a151c243-339d-454c-8a56-2afa81b2aada,OrderSide.SELL
8d6f5f8b-2829-42f8-81ea-c7f39f191cbf,1746060061.679877,99.0,8,a151c243-339d-454c-8a56-2afa81b2aada,154a5bf2-bdc0-4c6b-9f06-95e99695c76c,OrderSide.SELL
37216492-4c4a-4fc2-b490-09f0b8965cff,1746060061.679882,99.0,7,af0d6ecb-23ad-45e9-aaf3-34c839df78bc,154a5bf2-bdc0-4c6b-9f06-95e99695c76c,OrderSide.SELL
a774b820-5b87-4919-9c1c-132a7e9098a3,1746060061.679907,99.0,15,a151c243-339d-454c-8a56-2afa81b2aada,af0d6ecb-23ad-45e9-aaf3-34c839df78bc,OrderSide.SELL
e5430d47-df9f-41f2-9442-cb2757bbcc57,1746060061.679919,99.02,3,9d576e4c-b398-495a-bae7-1b27c6d51709,a151c243-339d-454c-8a56-2afa81b2aada,OrderSide.SELL
8d74f687-fb95-43fe-a6c9-05539b8b012f,1746060061.6800032,99.02,12,154a5bf2-bdc0-4c6b-9f06-95e99695c76c,a151c243-339d-454c-8a56-2afa81b2aada,OrderSide.BUY
d4f15ed1-c125-47ee-92c9-20a271dc4530,1746060061.680028,99.02,3,154a5bf2-bdc0-4c6b-9f06-95e99695c76c,a151c243-339d-454c-8a56-2afa81b2aada,OrderSide.SELL
08ad791b-2905-46f5-8858-0a161559c67a,1746060061.680033,99.0,8,af0d6ecb-23ad-45e9-aaf3-34c839df78bc,a151c243-339d-454c-8a56-2afa81b2aada,OrderSide.SELL
e5376339-9980-4a13-9f3d-5193d081880e,1746060061.680038,99.0,4,af0d6ecb-23ad-45e9-aaf3-34c839df78bc,a151c243-339d-454c-8a56-2afa81b2aada,OrderSide.SELL
0f3d7113-1ee5-45eb-a019-f98114d1c02a,1746060061.6800508,98.99000000000001,15,a151c243-339d-454c-8a56-2afa81b2aada,af0d6ecb-23ad-45e9-aaf3-34c839df78bc,OrderSide.SELL
605b2d29-f8c4-40e0-82b1-d4a62e416880,1746060061.68018,99.0,11,af0d6ecb-23ad-45e9-aaf3-34c839df78bc,154a5bf2-bdc0-4c6b-9f06-95e99695c76c,OrderSide.SELL
af2a49cf-5fd7-480a-9079-b47c65a7cdf3,1746060061.6801841,98.98,4,a151c243-339d-454c-8a56-2afa81b2aada,154a5bf2-bdc0-4c6b-9f06-95e99695c76c,OrderSide.SELL
59dbcd72-e436-4089-ae2a-cb54fb23a01d,1746060061.680198,98.98,15,154a5bf2-bdc0-4c6b-9f06-95e99695c76c,a151c243-339d-454c-8a56-2afa81b2aada,OrderSide.SELL
6d47609b-eda5-476c-9acc-995fe3c27bf6,1746060061.68022,98.98,2,a151c243-339d-454c-8a56-2afa81b2aada,d48e40d2-b2a0-464a-be25-1d57adc6c039,OrderSide.SELL
aafe9106-04cd-401f-a1aa-259f16969052,1746060061.680309,98.98,9,a151c243-339d-454c-8a56-2afa81b2aada,154a5bf2-bdc0-4c6b-9f06-95e99695c76c,OrderSide.SELL
ccde6662-8e71-4d87-8e7c-da1cb7d33305,1746060061.680313,98.98,6,af0d6ecb-23ad-45e9-aaf3-34c839df78bc,154a5bf2-bdc0-4c6b-9f06-95e99695c76c,OrderSide.SELL
202bd761-38f5-4883-a194-a0d7898d68b5,1746060061.680337,98.98,15,a151c243-339d-454c-8a56-2afa81b2aada,af0d6ecb-23ad-45e9-aaf3-34c839df78bc,OrderSide.SELL
58389af7-dfde-441c-80ce-4ebe81c5b006,1746060061.6803489,98.99000000000001,12,d48e40d2-b2a0-464a-be25-1d57adc6c039,a151c243-339d-454c-8a56-2afa81b2aada,OrderSide.SELL
e6d700e6-ff36-4ef5-99bc-9afda17a4da7,1746060061.680359,98.98,3,af0d6ecb-23ad-45e9-aaf3-34c839df78bc,abfe925f-096e-4269-886b-33004406864c,OrderSide.SELL
d3070b2e-aa00-4861-b515-3930cf38022e,1746060061.680432,98.99000000000001,3,154a5bf2-bdc0-4c6b-9f06-95e99695c76c,a151c243-339d-454c-8a56-2afa81b2aada,OrderSide.BUY
d76fccb8-0d6d-43b0-b862-67017f3f3916,1746060061.680459,99.0,12,154a5bf2-bdc0-4c6b-9f06-95e99695c76c,a151c243-339d-454c-8a56-2afa81b2aada,OrderSide.SELL
3247749a-fa14-44c6-827f-eae3c2b04f6b,1746060061.6804638,98.98,3,af0d6ecb-23ad-45e9-aaf3-34c839df78bc,a151c243-339d-454c-8a56-2afa81b2aada,OrderSide.SELL
4e109995-ee06-4bb2-9fef-295f7c8726d6,1746060061.680476,98.98,15,a151c243-339d-454c-8a56-2afa81b2aada,af0d6ecb-23ad-45e9-aaf3-34c839df78bc,OrderSide.SELL
4e946909-9685-483f-a350-46767ce6c670,1746060061.680489,99.01,4,9d576e4c-b398-495a-bae7-1b27c6d51709,af0d6ecb-23ad-45e9-aaf3-34c839df78bc,OrderSide.BUY
70fa3df3-1b31-4a77-b4ef-beda11d82458,1746060061.680614,98.98,3,af0d6ecb-23ad-45e9-aaf3-34c839df78bc,154a5bf2-bdc0-4c6b-9f06-95e99695c76c,OrderSide.SELL
c6702720-fee7-4caf-928f-42a955db42b2,1746060061.680619,98.98,12,af0d6ecb-23ad-45e9-aaf3-34c839df78bc,154a5bf2-bdc0-4c6b-9f06-95e99695c76c,OrderSide.SELL
b742787a-16f1-437d-ad38-b28c21f2c372,1746060061.680634,98.98,3,af0d6ecb-23ad-45e9-aaf3-34c839df78bc,a151c243-339d-454c-8a56-2afa81b2aada,OrderSide.SELL
80b4537e-725e-4dd6-948b-8488fb25d16b,1746060061.6806378,98.98,12,af0d6ecb-23ad-45e9-aaf3-34c839df78bc,a151c243-339d-454c-8a56-2afa81b2aada,OrderSide.SELL
931159a0-67be-44ec-b137-236bfd256d87,1746060061.680646,99.03,15,af0d6ecb-23ad-45e9-aaf3-34c839df78bc,154a5bf2-bdc0-4c6b-9f06-95e99695c76c,OrderSide.BUY
32d048ac-46d7-47cf-b5aa-d473cb83529e,1746060061.680663,98.98,3,af0d6ecb-23ad-45e9-aaf3-34c839df78bc,6f46b869-2d34-404a-89af-8ec91aa31c98,OrderSide.SELL
c1655108-1ca9-448a-a1c8-a9ee1139b7e9,1746060061.68067,98.96000000000001,15,af0d6ecb-23ad-45e9-aaf3-34c839df78bc,6f46b869-2d34-404a-89af-8ec91aa31c98,OrderSide.SELL
73bf787c-6f4e-4f45-973e-33fffa2e7014,1746060061.6806772,98.96000000000001,2,af0d6ecb-23ad-45e9-aaf3-34c839df78bc,6f46b869-2d34-404a-89af-8ec91aa31c98,OrderSide.SELL
8a6dd3b0-d3e3-4c30-a036-6505051679eb,1746060061.680693,98.96000000000001,2,af0d6ecb-23ad-45e9-aaf3-34c839df78bc,6726281d-43d1-4450-8cdf-1b6531ee91f0,OrderSide.SELL
5a72842a-a353-44ec-82dd-b3c25f7f013e,1746060061.68083,99.01,11,154a5bf2-bdc0-4c6b-9f06-95e99695c76c,af0d6ecb-23ad-45e9-aaf3-34c839df78bc,OrderSide.BUY
7788ca40-e0d1-40f3-b30f-47de5284a04c,1746060061.680833,99.06,4,154a5bf2-bdc0-4c6b-9f06-95e99695c76c,af0d6ecb-23ad-45e9-aaf3-34c839df78bc,OrderSide.BUY
9ba43072-b3ff-4c84-a787-6814e0ff5c18,1746060061.6808681,99.01,15,a151c243-339d-454c-8a56-2afa81b2aada,af0d6ecb-23ad-45e9-aaf3-34c839df78bc,OrderSide.SELL
f0902eed-444d-4a2b-b156-472f3096b71f,1746060061.680879,98.96000000000001,2,af0d6ecb-23ad-45e9-aaf3-34c839df78bc,abfe925f-096e-4269-886b-33004406864c,OrderSide.SELL
8e57f351-96da-4af9-bc93-1ccd93b29438,1746060061.680991,99.02,15,154a5bf2-bdc0-4c6b-9f06-95e99695c76c,a151c243-339d-454c-8a56-2afa81b2aada,OrderSide.SELL
09af8004-eccd-4f1d-9869-9cbcaae6deb0,1746060061.681005,98.96000000000001,15,a151c243-339d-454c-8a56-2afa81b2aada,af0d6ecb-23ad-45e9-aaf3-34c839df78bc,OrderSide.SELL
365e7a5b-ccc9-4319-a49e-0df32c3a100c,1746060061.681089,98.96000000000001,9,af0d6ecb-23ad-45e9-aaf3-34c839df78bc,154a5bf2-bdc0-4c6b-9f06-95e99695c76c,OrderSide.SELL
291fcdb3-92ed-43c1-acd1-473856ac48cc,1746060061.6810932,98.96000000000001,6,af0d6ecb-23ad-45e9-aaf3-34c839df78bc,154a5bf2-bdc0-4c6b-9f06-95e99695c76c,OrderSide.SELL
06bf3ff4-7eea-4042-ad15-e730920e8dc8,1746060061.681107,98.96000000000001,9,af0d6ecb-23ad-45e9-aaf3-34c839df78bc,a151c243-339d-454c-8a56-2afa81b2aada,OrderSide.SELL
f9605dc1-8a50-48ce-8f44-91306726d26b,1746060061.681111,98.96000000000001,6,af0d6ecb-23ad-45e9-aaf3-34c839df78bc,a151c243-339d-454c-8a56-2afa81b2aada,OrderSide.SELL
0055a6e3-485a-4032-a312-5b3297f3a21d,1746060061.6811242,98.95,15,a151c243-339d-454c-8a56-2afa81b2aada,af0d6ecb-23ad-45e9-aaf3-34c839df78bc,OrderSide.SELL
6a7fd81f-c715-4081-999e-aa20d7772210,1746060061.6811361,98.96000000000001,9,af0d6ecb-23ad-45e9-aaf3-34c839df78bc,6f46b869-2d34-404a-89af-8ec91aa31c98,OrderSide.SELL
421051e5-e027-465f-a89a-f62ab287ae17,1746060061.681144,98.95,4,a151c243-339d-454c-8a56-2afa81b2aada,6f46b869-2d34-404a-89af-8ec91aa31c98,OrderSide.SELL
30801304-c085-4263-8f6a-2360daa57497,1746060061.681283,99.01,15,154a5bf2-bdc0-4c6b-9f06-95e99695c76c,a151c243-339d-454c-8a56-2afa81b2aada,OrderSide.SELL
d2882921-eb62-4e1f-875b-4eae658eb4b7,1746060061.681299,98.95,11,a151c243-339d-454c-8a56-2afa81b2aada,af0d6ecb-23ad-45e9-aaf3-34c839df78bc,OrderSide.SELL
48d49983-77d2-49f1-8562-905c56f9b4d0,1746060061.681304,98.94,4,154a5bf2-bdc0-4c6b-9f06-95e99695c76c,af0d6ecb-23ad-45e9-aaf3-34c839df78bc,OrderSide.SELL
eafba05e-693a-470a-84a4-6e545a057b5a,1746060061.681314,98.94,7,154a5bf2-bdc0-4c6b-9f06-95e99695c76c,d48e40d2-b2a0-464a-be25-1d57adc6c039,OrderSide.SELL
21cd452a-d883-4d84-9f39-11d05a97742d,1746060061.681421,98.94,15,af0d6ecb-23ad-45e9-aaf3-34c839df78bc,154a5bf2-bdc0-4c6b-9f06-95e99695c76c,OrderSide.SELL
ad558b53-6d36-4b3c-8eb6-3e9ab8390689,1746060061.6814358,98.94,4,154a5bf2-bdc0-4c6b-9f06-95e99695c76c,a151c243-339d-454c-8a56-2afa81b2aada,OrderSide.SELL
aebfdf88-395e-48d5-bf25-29e2310e8c25,1746060061.68144,98.94,11,154a5bf2-bdc0-4c6b-9f06-95e99695c76c,a151c243-339d-454c-8a56-2afa81b2aada,OrderSide.SELL
ba5b3ebf-63ad-4a5b-9a85-883a2c59ce8a,1746060061.681493,98.94,4,154a5bf2-bdc0-4c6b-9f06-95e99695c76c,af0d6ecb-23ad-45e9-aaf3-34c839df78bc,OrderSide.SELL
795ca110-b97b-4d23-b50c-f2e8eb3374d3,1746060061.681498,98.94,11,154a5bf2-bdc0-4c6b-9f06-95e99695c76c,af0d6ecb-23ad-45e9-aaf3-34c839df78bc,OrderSide.SELL
bdd6ef01-ac59-4c9f-adc8-dbd28645a9bf,1746060061.681513,99.04,14,d48e40d2-b2a0-464a-be25-1d57adc6c039,a151c243-339d-454c-8a56-2afa81b2aada,OrderSide.BUY
23a54b79-8b9f-46f6-8c29-52273c3ec127,1746060061.68168,98.94,15,a151c243-339d-454c-8a56-2afa81b2aada,154a5bf2-bdc0-4c6b-9f06-95e99695c76c,OrderSide.SELL
aab78cbf-41b8-4a60-aeea-c60dcf57f302,1746060061.681691,99.04,15,a151c243-339d-454c-8a56-2afa81b2aada,154a5bf2-bdc0-4c6b-9f06-95e99695c76c,OrderSide.BUY
e2ec62c7-c4b8-4b20-9792-a572a3e6768f,1746060061.6817129,98.94,4,154a5bf2-bdc0-4c6b-9f06-95e99695c76c,af0d6ecb-23ad-45e9-aaf3-34c839df78bc,OrderSide.SELL
003db96d-3369-4e55-9939-ac56c2ec2789,1746060061.681718,98.94,11,154a5bf2-bdc0-4c6b-9f06-95e99695c76c,af0d6ecb-23ad-45e9-aaf3-34c839df78bc,OrderSide.SELL
fcf1c329-e404-4b80-afda-75d18f497d6a,1746060061.6817322,99.04,1,6f46b869-2d34-404a-89af-8ec91aa31c98,a151c243-339d-454c-8a56-2afa81b2aada,OrderSide.BUY
36fa81af-1aa3-46cc-b70d-1fb6e5676812,1746060061.68174,99.04,3,6f46b869-2d34-404a-89af-8ec91aa31c98,154a5bf2-bdc0-4c6b-9f06-95e99695c76c,OrderSide.BUY
76d4d554-83e4-4b82-9627-7e38add368a8,1746060061.6818209,98.94,4,154a5bf2-bdc0-4c6b-9f06-95e99695c76c,abfe925f-096e-4269-886b-33004406864c,OrderSide.SELL
1acb13ad-18e0-49ad-b1e2-4d238e131745,1746060061.681834,98.93,5,af0d6ecb-23ad-45e9-aaf3-34c839df78bc,abfe925f-096e-4269-886b-33004406864c,OrderSide.SELL
1b4cdf94-e27a-446d-a8c6-8f26525a0f20,1746060061.681958,98.93,10,af0d6ecb-23ad-45e9-aaf3-34c839df78bc,154a5bf2-bdc0-4c6b-9f06-95e99695c76c,OrderSide.SELL
f47544bc-b1ee-4544-8ea0-e6efe4e131c0,1746060061.681962,98.91,5,a151c243-339d-454c-8a56-2afa81b2aada,154a5bf2-bdc0-4c6b-9f06-95e99695c76c,OrderSide.SELL
72b74273-0ba2-41a0-aede-eff2d1af6323,1746060061.681976,98.92,15,154a5bf2-bdc0-4c6b-9f06-95e99695c76c,a151c243-339d-454c-8a56-2afa81b2aada,OrderSide.SELL
1b33f9c5-5a89-4ffd-aa33-5fffab9b2e09,1746060061.6819909,98.91,10,a151c243-339d-454c-8a56-2afa81b2aada,af0d6ecb-23ad-45e9-aaf3-34c839df78bc,OrderSide.SELL
e8cdfe3b-a84a-45b1-b83d-5a37d1580d38,1746060061.681995,98.91,5,154a5bf2-bdc0-4c6b-9f06-95e99695c76c,af0d6ecb-23ad-45e9-aaf3-34c839df78bc,OrderSide.SELL
2740a8ac-67da-474d-bb22-cbf6e5e3de99,1746060061.682142,98.9,15,af0d6ecb-23ad-45e9-aaf3-34c839df78bc,154a5bf2-bdc0-4c6b-9f06-95e99695c76c,OrderSide.SELL
17717608-f7b3-48bb-b41c-954532a71ddd,1746060061.682204,98.91,10,154a5bf2-bdc0-4c6b-9f06-95e99695c76c,a151c243-339d-454c-8a56-2afa81b2aada,OrderSide.SELL
024cbe9e-56c3-4683-96a8-3f946c7f34a3,1746060061.682209,98.91,5,154a5bf2-bdc0-4c6b-9f06-95e99695c76c,a151c243-339d-454c-8a56-2afa81b2aada,OrderSide.SELL
3bf33dbc-b466-4b7c-ad19-3d784b333d53,1746060061.6822221,98.91,10,154a5bf2-bdc0-4c6b-9f06-95e99695c76c,af0d6ecb-23ad-45e9-aaf3-34c839df78bc,OrderSide.SELL
0cd21955-cd84-4299-9d62-cab279ab433f,1746060061.682244,98.9,5,154a5bf2-bdc0-4c6b-9f06-95e99695c76c,af0d6ecb-23ad-45e9-aaf3-34c839df78bc,OrderSide.SELL
e7fee79e-cd0e-4538-847b-48859e01dfda,1746060061.682375,98.9,15,a151c243-339d-454c-8a56-2afa81b2aada,154a5bf2-bdc0-4c6b-9f06-95e99695c76c,OrderSide.SELL
cc25d711-64f5-4a6b-89d2-fe85c98f5c45,1746060061.6824052,99.0,15,a151c243-339d-454c-8a56-2afa81b2aada,af0d6ecb-23ad-45e9-aaf3-34c839df78bc,OrderSide.SELL
97deedbb-3c5c-4104-a8f7-f6b890db3c47,1746060061.682413,98.9,9,154a5bf2-bdc0-4c6b-9f06-95e99695c76c,1e142170-985e-4150-b97b-5f026e36a2ca,OrderSide.SELL
85d21126-b27d-42cc-a7a5-b562d43855c0,1746060061.682506,98.89,15,af0d6ecb-23ad-45e9-aaf3-34c839df78bc,154a5bf2-bdc0-4c6b-9f06-95e99695c76c,OrderSide.SELL
6c1e15b9-5e5d-4f5c-ad5e-416135ec6b13,1746060061.682522,98.9,1,154a5bf2-bdc0-4c6b-9f06-95e99695c76c,a151c243-339d-454c-8a56-2afa81b2aada,OrderSide.SELL
17fe6f87-6473-402a-9f9e-2f87677ee17a,1746060061.6825259,98.9,14,154a5bf2-bdc0-4c6b-9f06-95e99695c76c,a151c243-339d-454c-8a56-2afa81b2aada,OrderSide.SELL
f26564c6-354a-4e48-b6a4-464544091ae5,1746060061.6825511,99.02,1,d48e40d2-b2a0-464a-be25-1d57adc6c039,a151c243-339d-454c-8a56-2afa81b2aada,OrderSide.BUY
4c22d06f-4957-4246-bbd3-f12b00408cf7,1746060061.6826491,99.0,15,af0d6ecb-23ad-45e9-aaf3-34c839df78bc,154a5bf2-bdc0-4c6b-9f06-95e99695c76c,OrderSide.SELL
9dbdea3b-2956-4d26-b3df-ebe580c63402,1746060061.6826859,98.92,7,d48e40d2-b2a0-464a-be25-1d57adc6c039,a151c243-339d-454c-8a56-2afa81b2aada,OrderSide.SELL
124e8e69-4111-4784-80da-b0068ff91e33,1746060061.682698,98.92,8,9d576e4c-b398-495a-bae7-1b27c6d51709,a151c243-339d-454c-8a56-2afa81b2aada,OrderSide.SELL
55eca730-0a72-4e3b-9ee9-c039effe8503,1746060061.6827059,98.92,12,9d576e4c-b398-495a-bae7-1b27c6d51709,af0d6ecb-23ad-45e9-aaf3-34c839df78bc,OrderSide.SELL
a818d7ac-e220-4798-ae89-a0d557428872,1746060061.682879,98.9,15,a151c243-339d-454c-8a56-2afa81b2aada,154a5bf2-bdc0-4c6b-9f06-95e99695c76c,OrderSide.SELL
902fb8db-9069-429a-887a-06dbb7c358df,1746060061.68289,98.92,3,a151c243-339d-454c-8a56-2afa81b2aada,af0d6ecb-23ad-45e9-aaf3-34c839df78bc,OrderSide.BUY
927770ec-036f-47da-940c-9171659fa380,1746060061.6829162,98.94,12,a151c243-339d-454c-8a56-2afa81b2aada,af0d6ecb-23ad-45e9-aaf3-34c839df78bc,OrderSide.SELL
915ea658-4fd6-4693-b81a-d25bb914b533,1746060061.682921,98.9,1,154a5bf2-bdc0-4c6b-9f06-95e99695c76c,af0d6ecb-23ad-45e9-aaf3-34c839df78bc,OrderSide.SELL
ef20e34a-bc91-4f9e-8807-9e169448e32b,1746060061.682925,98.9,2,154a5bf2-bdc0-4c6b-9f06-95e99695c76c,af0d6ecb-23ad-45e9-aaf3-34c839df78bc,OrderSide.SELL
2c162b07-1228-4eb1-90b9-e12ba4b4ecb0,1746060061.6829371,98.9,7,154a5bf2-bdc0-4c6b-9f06-95e99695c76c,e5c9ca85-8bc1-4da9-85a6-11276454df36,OrderSide.SELL
2aea6e73-a7db-4e0a-be2d-e48f2098f25b,1746060061.682949,98.98,5,5f4c721a-fda7-46fc-8aa4-5ddc02714d80,a151c243-339d-454c-8a56-2afa81b2aada,OrderSide.SELL
8e834868-baab-4550-8682-35e7a97c8470,1746060061.683059,98.9,15,af0d6ecb-23ad-45e9-aaf3-34c839df78bc,154a5bf2-bdc0-4c6b-9f06-95e99695c76c,OrderSide.SELL
a9fd2704-b682-4fee-9f3e-2d0ffa01dc30,1746060061.683074,98.9,6,154a5bf2-bdc0-4c6b-9f06-95e99695c76c,a151c243-339d-454c-8a56-2afa81b2aada,OrderSide.SELL
420ab42f-f66b-402a-b7c1-59c0d8b4d23f,1746060061.683079,98.89,9,154a5bf2-bdc0-4c6b-9f06-95e99695c76c,a151c243-339d-454c-8a56-2afa81b2aada,OrderSide.SELL
705fbbe3-caa0-4cd1-8486-8c8bed6c13dc,1746060061.683151,98.98,10,af0d6ecb-23ad-45e9-aaf3-34c839df78bc,a151c243-339d-454c-8a56-2afa81b2aada,OrderSide.BUY
af6af7a4-6ce9-4e76-877e-1d3f488ffbe7,1746060061.683318,98.98,5,af0d6ecb-23ad-45e9-aaf3-34c839df78bc,154a5bf2-bdc0-4c6b-9f06-95e99695c76c,OrderSide.SELL
d07af7f0-aeb1-4aa3-b4f7-033c2f90c543,1746060061.68336,98.88,10,af0d6ecb-23ad-45e9-aaf3-34c839df78bc,154a5bf2-bdc0-4c6b-9f06-95e99695c76c,OrderSide.SELL
395e6e5c-ae8f-4a4b-b3ad-42830e4ad043,1746060061.683372,99.0,15,a151c243-339d-454c-8a56-2afa81b2aada,af0d6ecb-23ad-45e9-aaf3-34c839df78bc,OrderSide.BUY
c625dd89-017c-4686-99f2-01d8774dcab5,1746060061.6833951,98.89,6,154a5bf2-bdc0-4c6b-9f06-95e99695c76c,af0d6ecb-23ad-45e9-aaf3-34c839df78bc,OrderSide.SELL
2afddc90-bc3e-4e8f-921a-546796b9a416,1746060061.683399,98.88,9,154a5bf2-bdc0-4c6b-9f06-95e99695c76c,af0d6ecb-23ad-45e9-aaf3-34c839df78bc,OrderSide.SELL
2e5b1ae1-af40-427c-9b1e-a38b61ad35da,1746060061.683584,98.88,5,af0d6ecb-23ad-45e9-aaf3-34c839df78bc,154a5bf2-bdc0-4c6b-9f06-95e99695c76c,OrderSide.SELL
041b7ec9-1803-46da-bf30-a1f058953abb,1746060061.6835892,98.88,10,a151c243-339d-454c-8a56-2afa81b2aada,154a5bf2-bdc0-4c6b-9f06-95e99695c76c,OrderSide.SELL
ace048b6-adf0-4793-9aca-9e31b1637b06,1746060061.683603,98.88,6,154a5bf2-bdc0-4c6b-9f06-95e99695c76c,a151c243-339d-454c-8a56-2afa81b2aada,OrderSide.SELL
57251666-9601-45ca-b71c-4d620f01329e,1746060061.683607,98.87,9,af0d6ecb-23ad-45e9-aaf3-34c839df78bc,a151c243-339d-454c-8a56-2afa81b2aada,OrderSide.SELL
b05cc8a1-c8af-48f7-814b-63a98ef72e8a,1746060061.6836312,98.88,5,a151c243-339d-454c-8a56-2afa81b2aada,ffe7c61d-9a52-4c3c-948a-37558a8e35f5,OrderSide.SELL
6da4c6e3-a1b8-4fe7-9dd0-e67e99b8ccde,1746060061.6838899,98.88,15,a151c243-339d-454c-8a56-2afa81b2aada,154a5bf2-bdc0-4c6b-9f06-95e99695c76c,OrderSide.SELL
cd8b0714-7c8b-4eb5-a22a-6eab9fd45108,1746060061.683908,98.88,15,af0d6ecb-23ad-45e9-aaf3-34c839df78bc,a151c243-339d-454c-8a56-2afa81b2aada,OrderSide.SELL
62b438b7-71b1-478e-b2cc-2fe05239155c,1746060061.683924,98.87,15,a151c243-339d-454c-8a56-2afa81b2aada,af0d6ecb-23ad-45e9-aaf3-34c839df78bc,OrderSide.SELL
